mutation_type	count_type	protein_change	count_protein
missense_variant	1367.0	NA	174
frameshift_variant	231.0	p.R248Q	118
stop_gained	228.0	p.R273H	86
splice_acceptor_variant	84.0	p.R273C	69
splice_donor_variant	58.0	p.R175H	62
inframe_deletion	41.0	p.R248W	53
missense_variant&splice_region_variant	32.0	p.Y220C	37
splice_region_variant&synonymous_variant	31.0	p.G245S	33
stop_gained&splice_region_variant	16.0	p.R213Ter	33
splice_donor_variant&splice_donor_5th_base_variant&coding_sequence_variant&intron_variant	10.0	p.T125=	28
splice_acceptor_variant&coding_sequence_variant&intron_variant	10.0	p.R342Ter	20
frameshift_variant&splice_region_variant	6.0	p.R282W	19
inframe_insertion	6.0	p.R306Ter	19
splice_donor_variant&coding_sequence_variant	5.0	p.S241F	17
stop_gained&protein_altering_variant	3.0	p.M237I	17
stop_gained&frameshift_variant	3.0	p.V157F	17
splice_donor_variant&splice_donor_region_variant&coding_sequence_variant&intron_variant	3.0	p.C176F	15
splice_acceptor_variant&coding_sequence_variant	2.0	p.C135F	15
splice_acceptor_variant&splice_donor_variant&splice_donor_5th_base_variant&splice_polypyrimidine_tract_variant&intron_variant	1.0	p.H179R	14
splice_acceptor_variant&splice_donor_5th_base_variant&coding_sequence_variant&intron_variant	1.0	p.R110L	14
		p.R249S	14
		p.R196Ter	14
		p.R273L	13
		p.V272M	12
		p.G245C	10
		p.R248L	10
		p.E286K	10
		p.K132N	10
		p.C277F	10
		p.R280T	9
		p.Q192Ter	9
		p.V216M	9
		p.G154V	9
		p.V73WfsTer50	9
		p.E285K	9
		p.R213Q	8
		p.P153AfsTer28	8
		p.R158H	8
		p.Y126Ter	8
		p.P152L	8
		p.R158L	8
		p.S215N	7
		p.G266E	7
		p.Y236C	7
		p.Y234C	7
		p.H179Q	7
		p.P152RfsTer18	7
		p.G244D	7
		p.H193R	7
		p.Y163C	7
		p.V218del	7
		p.S90PfsTer33	7
		p.G245D	7
		p.K132R	6
		p.E336Ter	6
		p.P301QfsTer44	6
		p.V272L	6
		p.H214R	6
		p.Q104Ter	6
		p.L194R	6
		p.C238S	6
		p.N239D	6
		p.K132Q	6
		p.P278S	6
		p.Q144Ter	6
		p.F113S	6
		p.A159V	6
		p.L35CfsTer9	6
		p.S33FfsTer10	6
		p.W146Ter	6
		p.G244C	6
		p.A161T	6
		p.K319Ter	6
		p.V173M	6
		p.Q317Ter	6
		p.G266R	5
		p.M133K	5
		p.Q331Ter	5
		p.G245V	5
		p.S241C	5
		p.R249G	5
		p.E258K	5
		p.S127F	5
		p.Y107Ter	5
		p.Q167Ter	5
		p.R209KfsTer6	5
		p.M246T	5
		p.E56Ter	5
		p.R267P	5
		p.H193Y	5
		p.Y205C	5
		p.S215I	5
		p.R158G	5
		p.E204Ter	5
		p.E294Ter	5
		p.S183Ter	5
		p.C242S	4
		p.T155N	4
		p.P152AfsTer14	4
		p.L145R	4
		p.R175L	4
		p.C242Y	4
		p.E171Ter	4
		p.A161D	4
		p.A159D	4
		p.E339Ter	4
		p.S215R	4
		p.C242F	4
		p.C242AfsTer5	4
		p.L194F	4
		p.C141W	4
		p.S127P	4
		p.I195T	4
		p.R337C	4
		p.Q136PfsTer13	4
		p.E224D	4
		p.Y220D	4
		p.C135Y	4
		p.T118QfsTer5	4
		p.V143A	4
		p.T125M	4
		p.E271Ter	4
		p.V274F	4
		p.M246I	4
		p.G262V	4
		p.T284RfsTer21	4
		p.L35FfsTer8	4
		p.P47RfsTer76	4
		p.K291Ter	4
		p.R110P	4
		p.E298Ter	4
		p.E62Ter	4
		p.E336DfsTer7	3
		p.H179Y	3
		p.S215G	3
		p.C135R	3
		p.W91GfsTer32	3
		p.A119QfsTer5	3
		p.R267W	3
		p.P177L	3
		p.R209Ter	3
		p.V216L	3
		p.Q331R	3
		p.C176W	3
		p.G187R	3
		p.S94Ter	3
		p.E204AfsTer7	3
		p.E180GfsTer67	3
		p.Q136Ter	3
		p.K132T	3
		p.P151H	3
		p.P151S	3
		p.C141Y	3
		p.C275G	3
		p.Q52delinsPTer	3
		p.V147D	3
		p.P278F	3
		p.P191del	3
		p.P278L	3
		p.R280EfsTer65	3
		p.P98S	3
		p.A347V	3
		p.P223L	3
		p.E326Ter	3
		p.E224Ter	3
		p.K382NfsTer40	3
		p.I254D	3
		p.S166Ter	3
		p.R156P	3
		p.K164Ter	3
		p.S241Y	3
		p.E258Ter	3
		p.P309S	3
		p.I251L	3
		p.R283del	3
		p.G244A	3
		p.R158P	3
		p.F113C	3
		p.V147G	3
		p.E285V	3
		p.C238Y	3
		p.P190L	3
		p.G266V	3
		p.Y103LfsTer42	3
		p.E224=	3
		p.D259Y	3
		p.E271K	3
		p.T155P	3
		p.I255S	3
		p.V173_R174delinsG	3
		p.C176S	3
		p.L130V	3
		p.N30KfsTer13	2
		p.Y236Ter	2
		p.R337L	2
		p.Q52NfsTer71	2
		p.W146_S149delinsC	2
		p.Y234N	2
		p.G244S	2
		p.I251N	2
		p.D228TfsTer19	2
		p.Q38Ter	2
		p.R280G	2
		p.P152S	2
		p.W53Ter	2
		p.Q16L	2
		p.T55MfsTer68	2
		p.P36RfsTer8	2
		p.R181C	2
		p.P142RfsTer6	2
		p.V122DfsTer26	2
		p.S127C	2
		p.W91Ter	2
		p.Y126C	2
		p.Q100Ter	2
		p.G108V	2
		p.C124Ter	2
		p.C124R	2
		p.G108del	2
		p.P98LfsTer25	2
		p.G105R	2
		p.R110C	2
		p.G112_V122del	2
		p.F113V	2
		p.C176AfsTer6	2
		p.K120N	2
		p.V143M	2
		p.K101NfsTer47	2
		p.N131K	2
		p.E51Ter	2
		p.F134LfsTer14	2
		p.P142R	2
		p.K139RfsTer31	2
		p.A138P	2
		p.R213L	2
		p.A74S	2
		p.C135AfsTer35	2
		p.A76CfsTer73	2
		p.V73RfsTer76	2
		p.K132E	2
		p.A88PfsTer35	2
		p.A74HfsTer47	2
		p.L93VfsTer55	2
		p.S90F	2
		p.S95F	2
		p.A88CfsTer52	2
		p.P98L	2
		p.C242W	2
		p.P27L	2
		p.V157PfsTer9	2
		p.T253P	2
		p.L265P	2
		p.G262D	2
		p.S261T	2
		p.D259V	2
		p.E286_E287del	2
		p.E326K	2
		p.T256KfsTer90	2
		p.I255del	2
		p.I255N	2
		p.I254S	2
		p.I251TfsTer94	2
		p.C238R	2
		p.I251NfsTer13	2
		p.I251T	2
		p.P250L	2
		p.R249T	2
		p.R248G	2
		p.M246R	2
		p.G334V	2
		p.C242G	2
		p.S240R	2
		p.N239dup	2
		p.R267SfsTer5	2
		p.R267Q	2
		p.R267L	2
		p.N268TfsTer77	2
		p.R290LfsTer56	2
		p.G293WfsTer13	2
		p.R282Q	2
		p.R282G	2
		p.N310KfsTer27	2
		p.D281Y	2
		p.Q317PfsTer20	2
		p.P322NfsTer24	2
		p.S313GfsTer13	2
		p.D281N	2
		p.R280S	2
		p.R280K	2
		p.P278R	2
		p.P278H	2
		p.C275Y	2
		p.C275F	2
		p.V274D	2
		p.V274C	2
		p.P318LfsTer21	2
		p.V272CfsTer73	2
		p.N268I	2
		p.R342EfsTer3	2
		p.E258A	2
		p.C238G	2
		p.L350P	2
		p.H193KfsTer49	2
		p.V197L	2
		p.I195S	2
		p.I195F	2
		p.P190_H193del	2
		p.H193L	2
		p.H193N	2
		p.P191LfsTer56	2
		p.G187C	2
		p.E349Ter	2
		p.R174LfsTer3	2
		p.Y205H	2
		p.M237K	2
		p.R181P	2
		p.H179N	2
		p.H179D	2
		p.P177T	2
		p.C176Y	2
		p.R175PfsTer72	2
		p.E171del	2
		p.K164N	2
		p.I162N	2
		p.G199Ter	2
		p.E287Ter	2
		p.Y236S	2
		p.T211I	2
		p.P219LfsTer2	2
		p.V217G	2
		p.S215del	2
		p.Y234D	2
		p.A347P	2
		p.Y220SfsTer26	2
		p.S215C	2
		p.Y205F	2
		p.Y234H	2
		p.N235del	2
		p.Y234VfsTer2	2
		p.N200Ter	2
		p.C229YfsTer10	2
		p.R181H	1
		p.H179AfsTer66	1
		p.S303AfsTer42	1
		p.Q52Ter	1
		p.E180Ter	1
		p.H178D	1
		p.R335VfsTer10	1
		p.S37CfsTer70	1
		p.V173L	1
		p.Y163_Q165dup	1
		p.K164E	1
		p.L188_P191del	1
		p.V197EfsTer48	1
		p.H193P	1
		p.Q192_H193del	1
		p.R196P	1
		p.A159P	1
		p.V203L	1
		p.T211A	1
		p.R213G	1
		p.V218L	1
		p.E224K	1
		p.P58QfsTer65	1
		p.I232N	1
		p.I232S	1
		p.H233del	1
		p.Y163H	1
		p.S90LfsTer59	1
		p.V157_R158insL	1
		p.K120SfsTer3	1
		p.D48VfsTer74	1
		p.D48N	1
		p.S99PfsTer24	1
		p.E326WfsTer12	1
		p.K101Ter	1
		p.D48GfsTer4	1
		p.R333VfsTer12	1
		p.S106R	1
		p.G108VfsTer15	1
		p.F109GfsTer37	1
		p.P36L	1
		p.K120Ter	1
		p.K120LfsTer25	1
		p.G154D	1
		p.T125P	1
		p.Q52PfsTer11	1
		p.Y126D	1
		p.L130R	1
		p.K132M	1
		p.L137Q	1
		p.T140PfsTer30	1
		p.L344P	1
		p.L145P	1
		p.N29KfsTer14	1
		p.D148G	1
		p.S149PfsTer21	1
		p.F113L	1
		p.S315LfsTer30	1
		p.Y236N	1
		p.C238F	1
		p.I254_L257delinsM	1
		p.A86CfsTer63	1
		p.A78GfsTer66	1
		p.A78HfsTer42	1
		p.R273P	1
		p.P278T	1
		p.S37VfsTer6	1
		p.G279W	1
		p.R379PfsTer45	1
		p.E349NfsTer21	1
		p.N345RfsTer24	1
		p.N345S	1
		p.E343Ter	1
		p.Y327NfsTer19	1
		p.L323GfsTer13	1
		p.R249_T253del	1
		p.M246V	1
		p.G245R	1
		p.K139Ter	1
		p.H178PfsTer3	1
		p.P151A	1
		p.C182Ter	1
		p.E180_S183del	1
		p.H193LfsTer54	1
		p.K139N	1
		p.Y205WfsTer50	1
		p.S241P	1
		p.F134S	1
		p.L130F	1
		p.Y234S	1
		p.Y236H	1
		p.T125R	1
		p.T125A	1
		p.K321dup	1
		p.K320N	1
		p.P318LfsTer40	1
		p.R249M	1
		p.G262S	1
		p.I255T	1
		p.L252PfsTer12	1
		p.R249NfsTer13	1
		p.P250F	1
		p.R249dup	1
		p.N247_R248delinsKW	1
		p.G266Ter	1
		p.R282P	1
		p.T284_E286del	1
		p.C238HfsTer21	1
		p.C242R	1
		p.S241A	1
		p.N239S	1
		p.L264R	1
		p.D281E	1
		p.I162F	1
		p.C275GfsTer20	1
		p.H296Y	1
		p.E294SfsTer51	1
		p.K292I	1
		p.K291L	1
		p.K291E	1
		p.E287D	1
		p.E285RfsTer60	1
		p.A276TfsTer64	1
		p.R283P	1
		p.D281G	1
		p.G279E	1
		p.P278A	1
		p.C277Ter	1
		p.V272E	1
		p.G389W	1
