ModelID	copy_number	copy_number_status
ACH-000839	0.758433187424972	neutral
ACH-000041	0.7305814357245085	neutral
ACH-002046	1.0745011300164415	amplified
ACH-002048	0.9136693091739728	neutral
ACH-000042	0.591294187335239	neutral
ACH-002433	1.2270822886704	amplified
ACH-001669	0.8828418956000285	neutral
ACH-001300	1.4953746692774896	amplified
ACH-001574	0.9956344120003676	neutral
ACH-000332	0.6408697148015383	neutral
ACH-000832	0.9465632394194752	neutral
ACH-001147	0.4971351438235318	neutral
ACH-002074	1.6427443725733384	amplified
ACH-001111	0.6335089910441289	neutral
ACH-001057	0.9955650503361884	neutral
ACH-001691	1.2361758621145549	amplified
ACH-000281	0.7142143371447677	neutral
ACH-002922	0.620346424421972	neutral
ACH-000699	1.0916345791794164	amplified
ACH-000943	0.9444696223218076	neutral
ACH-002471	0.983779910776482	neutral
ACH-002490	0.9316887640771236	neutral
ACH-000005	0.7191965473354182	neutral
ACH-002789	1.1328014364927113	amplified
ACH-001684	0.9665960471128556	neutral
ACH-003101	1.042483464255414	amplified
ACH-000833	0.6812409195813486	neutral
ACH-002675	0.837853550179968	neutral
ACH-000811	0.4967769016263907	neutral
ACH-000473	0.4441349469604544	neutral
ACH-000035	0.9335680546094683	neutral
ACH-001949	1.277444842644894	amplified
ACH-001509	1.1614362755005334	amplified
ACH-002800	0.5807189427971045	neutral
ACH-000001	0.6385112746663035	neutral
ACH-000967	0.9707125841272064	neutral
ACH-003064	0.9626530934934204	neutral
ACH-000494	1.0032682849298369	amplified
ACH-000324	0.931292974337747	neutral
ACH-000784	1.0780327447829623	amplified
ACH-000250	0.641666691090566	neutral
ACH-001696	0.774799001594988	neutral
ACH-003283	0.9565570367417948	neutral
ACH-000780	1.3658821391250031	amplified
ACH-000493	0.8115427503494212	neutral
ACH-000822	0.9497415656840756	neutral
ACH-000735	1.012212643354782	amplified
ACH-002035	0.0535926884442839	neutral
ACH-000028	1.086778552902231	amplified
ACH-000361	1.2275612409959076	amplified
ACH-001398	1.0844661333648054	amplified
ACH-000535	0.8465158580791111	neutral
ACH-000117	0.6776461333011541	neutral
ACH-000378	1.2758705849392258	amplified
ACH-001814	0.9813500185297398	neutral
ACH-000616	1.27653137747309	amplified
ACH-000525	1.0575085297389293	amplified
ACH-000950	0.9538215609149666	neutral
ACH-000682	1.1798962443709444	amplified
ACH-001393	0.7341913386546557	neutral
ACH-000233	0.6402880546048092	neutral
ACH-000653	0.4001103905693035	neutral
ACH-000913	0.9499993292913312	neutral
ACH-002689	3.206591276425877e-05	neutral
ACH-000510	0.1943258861184725	neutral
ACH-000483	0.5797786045430131	neutral
ACH-001210	1.026380666245463	amplified
ACH-000479	0.9520510898733008	neutral
ACH-000438	0.9238874402806552	neutral
ACH-001430	0.9551783221465834	neutral
ACH-000093	1.0948839785353313	amplified
ACH-000869	0.8197148277328834	neutral
ACH-000486	0.8953551761316527	neutral
ACH-000856	1.0335300242885803	amplified
ACH-000344	0.7794859909948811	neutral
ACH-001677	1.0543832084189897	amplified
ACH-000054	1.023848745589245	amplified
ACH-001307	1.0688505166139728	amplified
ACH-000955	0.9563747195449942	neutral
ACH-000981	1.0934634516585895	amplified
ACH-000669	1.3982564642190258	amplified
ACH-000537	0.949093482537645	neutral
ACH-000232	1.2025359298005145	amplified
ACH-002531	0.8777639958407495	neutral
ACH-001492	1.0859254018950892	amplified
ACH-000817	0.6900797482576481	neutral
ACH-002669	0.7292765955630854	neutral
ACH-000693	1.078846043485705	amplified
ACH-001547	1.006954726454343	amplified
ACH-002801	0.6123192737059922	neutral
ACH-000420	0.8295604389654672	neutral
ACH-000814	1.041488998555833	amplified
ACH-000280	0.652244147905675	neutral
ACH-000403	0.6461898523192656	neutral
ACH-002785	0.000782186360763	neutral
ACH-000376	0.9210778474776146	neutral
ACH-002002	1.1008928056670524	amplified
ACH-001428	0.910089919573716	neutral
ACH-000061	0.5213712732815622	neutral
ACH-000907	0.975916418602458	neutral
ACH-001683	0.558093210323188	neutral
ACH-001278	1.0026286954029446	amplified
ACH-000694	1.3027253892440682	amplified
ACH-002687	0.7382861503020721	neutral
ACH-000703	1.0756412592377929	amplified
ACH-001560	0.8819470820809149	neutral
ACH-003191	1.7105598340351362e-06	neutral
ACH-000654	1.030053948689972	amplified
ACH-002847	1.0045968594458756	amplified
ACH-000249	0.5339005720879237	neutral
ACH-001993	1.0876926869998265	amplified
ACH-001205	1.030795682801906	amplified
ACH-000076	0.9488882519511144	neutral
ACH-001096	1.0238509455930098	amplified
ACH-003183	1.1786121142671189	amplified
ACH-002925	0.7475448274450296	neutral
ACH-000827	0.9905775981524808	neutral
ACH-002038	0.993573458346352	neutral
ACH-002716	1.0528140154469334	amplified
ACH-000086	1.1120286825754526	amplified
ACH-000871	0.989599721902126	neutral
ACH-000681	0.917018026924168	neutral
ACH-002946	0.9874960619797466	neutral
ACH-000704	0.803124747094949	neutral
ACH-002005	1.0059825429941416	amplified
ACH-000195	1.075325180739518	amplified
ACH-000530	0.9518140131839778	neutral
ACH-001031	1.012446096697567	amplified
ACH-000450	0.65974892503309	neutral
ACH-000145	1.0539588934365025	amplified
ACH-000985	1.264667387207434	amplified
ACH-000627	1.025308670267593	amplified
ACH-001106	1.0824249506971142	amplified
ACH-002928	1.1506882304411905	amplified
ACH-000090	0.6340757026843641	neutral
ACH-000317	1.1477456784879732	amplified
ACH-000200	0.996913558266438	neutral
ACH-000356	1.0440463780996636	amplified
ACH-000017	0.8397856260379628	neutral
ACH-001283	0.5399766770091342	neutral
ACH-000302	0.8876051848378619	neutral
ACH-000101	1.126983192706411	amplified
ACH-000547	0.9429262228583573	neutral
ACH-002033	0.5868338513529848	neutral
ACH-001519	0.9977336656305	neutral
ACH-000018	0.8860192814508643	neutral
ACH-000601	1.0697553543716125	amplified
ACH-001953	0.924488962200211	neutral
ACH-001974	1.1656357252841514	amplified
ACH-000796	0.928038781485688	neutral
ACH-003308	1.0263923338107652	amplified
ACH-000203	0.5028210664393014	neutral
ACH-000217	1.032532218989965	amplified
ACH-001508	0.6919640539476357	neutral
ACH-000307	1.1098586894562597	amplified
ACH-000776	0.5323625533367515	neutral
ACH-000662	0.1712932254628842	neutral
ACH-000075	0.9623423338259776	neutral
ACH-000901	1.2554399295461929	amplified
ACH-002062	0.970675712828822	neutral
ACH-000632	0.7451346203996896	neutral
ACH-000077	1.0491990453280329	amplified
ACH-000709	0.9818997902275178	neutral
ACH-000552	0.6322307014176518	neutral
ACH-002291	0.8003977406802663	neutral
ACH-000678	0.9560039604483505	neutral
ACH-000362	1.0383841016500912	amplified
ACH-003189	1.1386836562941924	amplified
ACH-000500	1.4344503165911342	amplified
ACH-000659	0.5088537588061807	neutral
ACH-003590	1.0087310001335812	amplified
ACH-000729	0.9455776886748372	neutral
ACH-002214	1.0550057047042325	amplified
ACH-000039	0.2087517214807603	neutral
ACH-001054	0.6931574493318013	neutral
ACH-000674	0.8131362402897276	neutral
ACH-000399	0.5696453854206958	neutral
ACH-000244	1.0207619095233218	amplified
ACH-000207	1.402854126048502	amplified
ACH-000319	5.3555712749752906e-05	neutral
ACH-002654	0.7504396704040043	neutral
ACH-001274	1.0058234958422638	amplified
ACH-000085	0.7550159356838795	neutral
ACH-002036	0.0531734542522568	neutral
ACH-000514	0.6715096326315296	neutral
ACH-000673	0.7758098509969341	neutral
ACH-001099	1.0342304595719718	amplified
ACH-000127	1.3804407813523134	amplified
ACH-002458	0.7648135560936392	neutral
ACH-000958	0.9413910224609584	neutral
ACH-000713	0.6707894946984051	neutral
ACH-000799	1.1618952425415654	amplified
ACH-001164	1.0470148467943032	amplified
ACH-002040	1.0754272997186682	amplified
ACH-000331	0.5782050041610306	neutral
ACH-000435	0.958479977737646	neutral
ACH-001075	1.0098666487373498	amplified
ACH-000142	0.7246167197894825	neutral
ACH-000843	1.0066024957911797	amplified
ACH-001196	0.7695537493640762	neutral
ACH-000551	0.7665708267996912	neutral
ACH-000975	1.4682798825709846	amplified
ACH-001533	0.4998856437945436	neutral
ACH-000971	0.94505460802329	neutral
ACH-002004	1.0333858969883194	amplified
ACH-000257	1.09780133588266	amplified
ACH-000595	0.7829391007322387	neutral
ACH-000820	0.7429345371455336	neutral
ACH-002500	1.0303087278977825	amplified
ACH-000191	0.9461257823511524	neutral
ACH-000581	0.6527344097593115	neutral
ACH-000097	0.6179298621132986	neutral
ACH-000982	1.01959217050927	amplified
ACH-002512	1.0201260307870097	amplified
ACH-003305	0.9697629221522244	neutral
ACH-000068	1.0253650295187666	amplified
ACH-000196	0.4831958603739304	neutral
ACH-000475	1.2514537722902717	amplified
ACH-000582	0.9819937176675524	neutral
ACH-001765	0.9021167117628	neutral
ACH-001622	0.7630227618112643	neutral
ACH-000712	1.0085076307721867	amplified
ACH-000912	0.5217707589166268	neutral
ACH-000251	0.9348348999497996	neutral
ACH-002886	1.0205389178306954	amplified
ACH-002020	1.0130313348940905	amplified
ACH-000316	0.5646900046128753	neutral
ACH-002703	0.9622756983500496	neutral
ACH-000345	1.0341813548737342	amplified
ACH-000634	1.2099085444362532	amplified
ACH-000655	1.2194993591547334	amplified
ACH-000783	0.571512516552033	neutral
ACH-000152	0.8202797962624626	neutral
ACH-000888	0.8639902877309189	neutral
ACH-000769	0.9668139535004556	neutral
ACH-003186	0.8018687385664279	neutral
ACH-002042	0.6461038603440272	neutral
ACH-001132	0.5305795587151141	neutral
ACH-000012	1.33603610899443	amplified
ACH-002178	0.0296118821034816	neutral
ACH-001591	0.6179607016594435	neutral
ACH-000325	0.895484893626798	neutral
ACH-000746	0.8578658696384759	neutral
ACH-001130	0.5370085636143009	neutral
ACH-000291	0.8749400054547048	neutral
ACH-002695	0.9306650921177896	neutral
ACH-000770	1.094461344057852	amplified
ACH-000836	1.3617369109279247	amplified
ACH-000959	0.9868904828421428	neutral
ACH-002025	1.0455324940004358	amplified
ACH-001318	0.8003039860807681	neutral
ACH-002027	1.0574136826207443	amplified
ACH-002927	1.088868700910382	amplified
ACH-000363	0.5623113217687974	neutral
ACH-000541	0.615158890498726	neutral
ACH-001715	0.8560589190606485	neutral
ACH-001656	0.5392899299258151	neutral
ACH-000915	0.6040123696039554	neutral
ACH-000270	0.6316761469477187	neutral
ACH-003227	1.155875489814659	amplified
ACH-000521	1.0004098531718952	amplified
ACH-000760	0.0010800171971567	neutral
ACH-000939	1.0023975752716028	amplified
ACH-000834	0.8309859558949225	neutral
ACH-002690	0.7279483520873895	neutral
ACH-003106	0.8797027334712559	neutral
ACH-000365	1.101560703839266	amplified
ACH-000030	1.1253587597328778	amplified
ACH-001322	1.0539247773674	amplified
ACH-001059	1.031402180019383	amplified
ACH-000227	0.5259242772947642	neutral
ACH-001736	1.0391196617289122	amplified
ACH-002538	0.8269884009986355	neutral
ACH-000725	0.7609380974888206	neutral
ACH-002401	1.174689934335743	amplified
ACH-002024	0.7829320457676318	neutral
ACH-000572	0.6138197622541718	neutral
ACH-003410	1.0184124773356658	amplified
ACH-000484	1.154012619176046	amplified
ACH-002044	0.8026122050674235	neutral
ACH-003296	1.5378768714392217	amplified
ACH-000661	1.1717136184291197	amplified
ACH-000048	1.3180270689812694	amplified
ACH-000188	0.900025635790119	neutral
ACH-000929	1.155201083109148	amplified
ACH-000128	1.366558291177974	amplified
ACH-000406	0.867466530313625	neutral
ACH-001675	0.661234085430451	neutral
ACH-002790	0.9488224165415318	neutral
ACH-001295	1.012440763228019	amplified
ACH-002710	0.7040871900621247	neutral
ACH-000621	1.2720135157268275	amplified
ACH-000961	1.018708084636286	amplified
ACH-000588	0.632615583521085	neutral
ACH-001817	1.0119677401186875	amplified
ACH-001986	0.9391005230549746	neutral
ACH-002529	1.0207231371641694	amplified
ACH-000680	1.036699591989284	amplified
ACH-000286	0.8159745156188221	neutral
ACH-001662	1.237850426893534	amplified
ACH-002780	0.942227144413728	neutral
ACH-000736	1.4671852089904338	amplified
ACH-000108	1.0753967375475153	amplified
ACH-002539	0.6633692299028706	neutral
ACH-000805	0.982666173723051	neutral
ACH-002463	1.0367573678652675	amplified
ACH-000838	1.173445631540485	amplified
ACH-000166	0.5149249211606277	neutral
ACH-000589	0.6732610927062777	neutral
ACH-001197	0.5474260522690492	neutral
ACH-000273	0.9212144843090674	neutral
ACH-000865	1.2065142875008	amplified
ACH-001433	0.5760432339985593	neutral
ACH-001711	1.2049180267121815	amplified
ACH-002066	0.6972007371800558	neutral
ACH-000298	0.6162676644372541	neutral
ACH-000421	0.5427327979115298	neutral
ACH-000046	1.269565650405824	amplified
ACH-000883	1.1388952017403535	amplified
ACH-002290	0.9678756426004173	neutral
ACH-000397	0.6436989407900355	neutral
ACH-000155	0.7710904471420011	neutral
ACH-000835	1.1230685579182296	amplified
ACH-000329	0.904176295128945	neutral
ACH-001643	1.0456158387307222	amplified
ACH-000940	0.9886396685566604	neutral
ACH-000011	1.1404664449583195	amplified
ACH-002706	1.1050089080678709	amplified
ACH-002798	0.998242906336156	neutral
ACH-000204	0.3099935278821722	neutral
ACH-000732	1.0646491680286183	amplified
ACH-002794	1.1501332372981137	amplified
ACH-000941	0.9733272827128996	neutral
ACH-003119	0.7760680141385827	neutral
ACH-000481	0.6740763900806855	neutral
ACH-000976	0.923491764029456	neutral
ACH-001303	0.9397767622882408	neutral
ACH-000488	0.7389752750574593	neutral
ACH-000724	0.7483468487092901	neutral
ACH-001306	0.8663590751461309	neutral
ACH-001227	0.9394500099132096	neutral
ACH-002662	0.5895936942935321	neutral
ACH-000635	0.6829387026732189	neutral
ACH-002465	1.0273230357114576	amplified
ACH-000272	1.0798178719585434	amplified
ACH-000360	0.7172017929741399	neutral
ACH-000391	0.980192694967472	neutral
ACH-001571	1.0117695318574047	amplified
ACH-000201	0.9635416935185253	neutral
ACH-000968	0.8461175417251074	neutral
ACH-000374	1.1558594660889905	amplified
ACH-000914	1.0901593265651257	amplified
ACH-000889	0.754831743472302	neutral
ACH-000104	1.0060776514134309	amplified
ACH-001848	0.9779739214171606	neutral
ACH-000080	1.027667244558448	amplified
ACH-001618	1.0279535677160438	amplified
ACH-000322	0.9074185138030046	neutral
ACH-001699	1.0089330189652292	amplified
ACH-000874	1.0467075429634294	amplified
ACH-001334	0.5605678851235154	neutral
ACH-000187	1.0764079862549587	amplified
ACH-000336	1.0348432097889866	amplified
ACH-002711	1.0115780936516643	amplified
ACH-001209	1.0284756947084366	amplified
ACH-002524	1.3748488324761023	amplified
ACH-000599	0.960601056226116	neutral
ACH-000663	1.0569754733452812	amplified
ACH-000261	1.2212816917386753	amplified
ACH-000351	0.9148049009901456	neutral
ACH-002067	1.524196597596785	amplified
ACH-000697	0.91102023265264	neutral
ACH-001642	0.520181140676627	neutral
ACH-000426	0.5625035085061927	neutral
ACH-000947	0.9693950360004484	neutral
ACH-000973	1.215459649531441	amplified
ACH-000092	0.0429267273813519	neutral
ACH-000368	1.0526873375891443	amplified
ACH-000499	1.0890868444308974	amplified
ACH-000881	0.9571996005920992	neutral
ACH-002665	0.7832750991752196	neutral
ACH-000160	0.9665136414467898	neutral
ACH-000318	0.8374546659077955	neutral
ACH-001528	1.0353545548324723	amplified
ACH-003307	1.1514278398053357	amplified
ACH-000938	1.0390761587625952	amplified
ACH-000700	0.5229757657939939	neutral
ACH-000523	1.1490726379627805	amplified
ACH-001183	0.5021857512343203	neutral
ACH-000120	0.9074776393401072	neutral
ACH-000574	0.9962403985195798	neutral
ACH-000906	0.9124263398702764	neutral
ACH-000671	0.864759582219215	neutral
ACH-000431	1.1537374861749683	amplified
ACH-003184	0.0004489056889525	neutral
ACH-001461	0.4461126614533366	neutral
ACH-000978	1.0386804662498732	amplified
ACH-000622	1.3021142149038	amplified
ACH-002659	0.8325818421085022	neutral
ACH-000752	0.605976184291729	neutral
ACH-000785	0.8965438175540125	neutral
ACH-000903	1.0051274106337758	amplified
ACH-002846	0.9754395676258116	neutral
ACH-001992	0.7747769828683833	neutral
ACH-000777	0.8307930197793293	neutral
ACH-001128	1.0442941224010258	amplified
ACH-002433	1.337527913397763	amplified
ACH-002664	0.8632001376514362	neutral
ACH-000466	1.0362784427952991	amplified
ACH-000304	0.981430900020446	neutral
ACH-001670	1.432149399443576	amplified
ACH-000093	1.1497275281619836	amplified
ACH-000424	0.6362505925915605	neutral
ACH-000405	0.5581500788084569	neutral
ACH-001641	1.2820095420185214	amplified
ACH-001996	0.5190735929948128	neutral
ACH-002075	0.5696544669992215	neutral
ACH-001001	1.3686674951316022	amplified
ACH-000628	0.9713489018558702	neutral
ACH-000237	1.2821686150992926	amplified
ACH-001200	0.9980431663457472	neutral
ACH-000527	0.7333851708687761	neutral
ACH-000853	1.049000452325057	amplified
ACH-000206	1.0591839015354791	amplified
ACH-000437	0.9690712181805547	neutral
ACH-001421	1.0430435531172686	amplified
ACH-001608	0.8752396490787514	neutral
ACH-000847	0.6630285963178904	neutral
ACH-000401	1.1769932119717228	amplified
ACH-001623	1.272501185183121	amplified
ACH-000172	1.0091990826256838	amplified
ACH-003120	0.494043506758015	neutral
ACH-000524	1.5525997926524986	amplified
ACH-001301	1.008398306181996	amplified
ACH-000706	1.119745602183652	amplified
ACH-000144	0.7089417505829427	neutral
ACH-001053	0.645536242275665	neutral
ACH-000385	1.2408820594751926	amplified
ACH-002020	1.0000160371976523	amplified
ACH-000927	0.7921612302085523	neutral
ACH-000283	1.2709682580222066	amplified
ACH-001190	0.4700447440216277	neutral
ACH-000956	0.9489131140632028	neutral
ACH-000790	1.3245699189148572	amplified
ACH-003103	1.0409754175125665	amplified
ACH-000183	0.5865252000184308	neutral
ACH-000290	0.9519311914989864	neutral
ACH-000025	1.01191976258316	amplified
ACH-002508	0.7231881783823855	neutral
ACH-000766	0.9477807734056884	neutral
ACH-000643	1.2558368055834808	amplified
ACH-002061	0.7845677830987186	neutral
ACH-000898	0.9155369387079328	neutral
ACH-001143	0.5043593821122202	neutral
ACH-000801	0.6650247781109994	neutral
ACH-000855	1.087388895191066	amplified
ACH-000819	1.1314367995790942	amplified
ACH-002795	1.0269775896449715	amplified
ACH-000238	1.0084196948431754	amplified
ACH-002653	1.044669505832341	amplified
ACH-000508	0.547173778277043	neutral
ACH-001745	1.073721620467544	amplified
ACH-000243	0.7305809293242217	neutral
ACH-000416	0.8543191342437543	neutral
ACH-000382	1.0047419649318727	amplified
ACH-001671	1.191664402461435	amplified
ACH-001046	1.1263818559730336	amplified
ACH-002926	0.978322549369056	neutral
ACH-000377	0.7814833277209933	neutral
ACH-001029	0.8681685102624368	neutral
ACH-001019	0.439312665980701	neutral
ACH-000921	0.9329075345097684	neutral
ACH-000395	0.7606385693449291	neutral
ACH-002792	0.6907674463498847	neutral
ACH-001695	1.0895950089491009	amplified
ACH-001985	0.8836720754719131	neutral
ACH-001668	1.060456689180128	amplified
ACH-001362	0.7808709243652837	neutral
ACH-001436	0.8785071906705485	neutral
ACH-001685	1.3864638493057484	amplified
ACH-003100	1.0206740370564376	amplified
ACH-001975	0.6098464732553432	neutral
ACH-000347	1.2064917078287192	amplified
ACH-000738	0.9527471549192692	neutral
ACH-000696	0.805651045764867	neutral
ACH-000773	0.6712522853368833	neutral
ACH-000496	0.4601512331864581	neutral
ACH-000007	0.8993558699722687	neutral
ACH-002648	0.925501991749854	neutral
ACH-000965	0.9827193034777252	neutral
ACH-000639	0.5408423388922267	neutral
ACH-002994	1.0895527157862663	amplified
ACH-001700	0.6932497038157591	neutral
ACH-001669	0.8647511905806037	neutral
ACH-002017	0.752413166522249	neutral
ACH-003121	0.7874165823999079	neutral
ACH-000894	0.7785933890033365	neutral
ACH-001489	0.6803702670090183	neutral
ACH-000803	0.6062837247660646	neutral
ACH-000701	0.621300448140341	neutral
ACH-000277	0.7998675338440654	neutral
ACH-001987	0.9462238957789978	neutral
ACH-000532	0.7803709616522772	neutral
ACH-002526	0.753604769089688	neutral
ACH-002435	1.0050308942795028	amplified
ACH-000846	0.9928374222571222	neutral
ACH-000198	0.970124828700238	neutral
ACH-000557	0.5613089623781388	neutral
ACH-001134	1.367362722748075	amplified
ACH-000009	0.5203794876322961	neutral
ACH-002800	0.6741361987049479	neutral
ACH-000168	1.0219936270905012	amplified
ACH-000410	6.567155285651522e-06	neutral
ACH-000036	1.052016330625122	amplified
ACH-000123	1.0444079177462238	amplified
ACH-001737	1.0985914736364175	amplified
ACH-002475	1.1140168081119126	amplified
ACH-000454	0.8049008589471274	neutral
ACH-000253	1.0359250308507812	amplified
ACH-000559	0.9189708470176632	neutral
ACH-000576	1.0455819202474883	amplified
ACH-000800	0.8295713641795165	neutral
ACH-000716	0.6759971175569319	neutral
ACH-003284	0.981507297995513	neutral
ACH-001021	0.8753773739797704	neutral
ACH-000393	1.1502600009294222	amplified
ACH-001211	1.0261759362881584	amplified
ACH-001201	0.5453264358680396	neutral
ACH-000641	0.0010316719411941	neutral
ACH-001354	1.3132704044464774	amplified
ACH-000505	0.8701517942542953	neutral
ACH-000515	0.6837026868379853	neutral
ACH-001578	1.249898549128343	amplified
ACH-001344	1.0809973601927765	amplified
ACH-000782	1.0621136146722756	amplified
ACH-000021	1.242091108139638	amplified
ACH-002215	1.0527678959369169	amplified
ACH-000649	0.7863546351384828	neutral
ACH-001791	1.1605953067481	amplified
ACH-000734	1.0857063865001615	amplified
ACH-002478	1.011776965719817	amplified
ACH-000148	1.213385519908367	amplified
ACH-002170	1.0965662680022674	amplified
ACH-000389	0.5866345717043155	neutral
ACH-000858	0.7663662857261819	neutral
ACH-000511	0.0007804533385906	neutral
ACH-002936	1.0596980923730996	amplified
ACH-000896	1.185921075535514	amplified
ACH-001431	1.0559046040787072	amplified
ACH-000739	0.8847918489051284	neutral
ACH-000490	1.206607119481382	amplified
ACH-000666	1.2179711832379638	amplified
ACH-000727	1.5981867514100607	amplified
ACH-002499	1.2260238124090463	amplified
ACH-000169	0.9228512304409504	neutral
ACH-000994	1.0935028647865273	amplified
ACH-000150	1.1316477830973437	amplified
ACH-000320	0.7691463289463724	neutral
ACH-003125	0.5256651511290517	neutral
ACH-000652	0.8181248910237517	neutral
ACH-001279	1.0318623294800178	amplified
ACH-000330	0.6600352588953272	neutral
ACH-000262	1.0412409814775614	amplified
ACH-002660	0.765898437310271	neutral
ACH-000087	0.9874340500288428	neutral
ACH-001606	1.0003473409092931	amplified
ACH-000841	1.4925073125481134	amplified
ACH-000995	1.0541811497625413	amplified
ACH-000355	1.270948876872559	amplified
ACH-002023	0.74147399477769	neutral
ACH-000624	1.404878144273121	amplified
ACH-002043	0.8163156379351701	neutral
ACH-000763	0.9546298808652784	neutral
ACH-000705	0.5535313755426432	neutral
ACH-001422	1.0446054240874123	amplified
ACH-000297	0.6347797452249052	neutral
ACH-000411	0.9535312990749314	neutral
ACH-002010	1.1725935287529283	amplified
ACH-000015	0.6713900213483482	neutral
ACH-001338	1.0197611630430752	amplified
ACH-002543	0.7990180503079032	neutral
ACH-000714	6.68784065671647e-05	neutral
ACH-000366	1.5001887204409123	amplified
ACH-001980	1.402918304885734	amplified
ACH-001435	0.7786182146704846	neutral
ACH-000917	0.89161821806471	neutral
ACH-000164	0.7343201023167892	neutral
ACH-001302	0.5296851618936491	neutral
ACH-000469	0.6300979408199594	neutral
ACH-000948	0.9247164766467408	neutral
ACH-000114	0.6909015243426743	neutral
ACH-001395	0.6562152378924028	neutral
ACH-000602	0.9100823496900564	neutral
ACH-001735	1.06107762278859	amplified
ACH-000440	0.9908000180641768	neutral
ACH-000587	1.313975157689084	amplified
ACH-000407	0.8272750630097614	neutral
ACH-003012	1.491942567550418	amplified
ACH-000222	0.8165867140105807	neutral
ACH-001989	0.8395056849935179	neutral
ACH-001151	0.8337304891225695	neutral
ACH-000528	1.0113564072007932	amplified
ACH-001703	0.9723608414653708	neutral
ACH-001038	0.9144308617599574	neutral
ACH-003105	0.8564589471289875	neutral
ACH-000932	0.960574822570536	neutral
ACH-001598	0.5375560146516365	neutral
ACH-000607	0.9440925500292588	neutral
ACH-000141	0.6920551902060119	neutral
ACH-000542	1.1997143970499171	amplified
ACH-000256	0.5959197635390764	neutral
ACH-000740	1.331148939090883	amplified
ACH-002077	0.5784134479317274	neutral
ACH-000487	0.5650435614450305	neutral
ACH-001562	1.0031187615054231	amplified
ACH-000045	0.9902305745291	neutral
ACH-000312	0.8077462204160374	neutral
ACH-002045	0.880141262672222	neutral
ACH-000260	0.0210549024272191	neutral
ACH-000350	0.9117441860366804	neutral
ACH-000004	0.7939444638642518	neutral
ACH-002050	1.0049208599445318	amplified
ACH-002532	0.8602924012687084	neutral
ACH-000343	0.4086053502908273	neutral
ACH-002528	1.0751015964016872	amplified
ACH-000272	1.101355329732293	amplified
ACH-000657	0.9140943572136758	neutral
ACH-001674	1.0648393569375254	amplified
ACH-001649	1.0207283020101985	amplified
ACH-000648	0.7663317582030343	neutral
ACH-000879	0.9472867432353044	neutral
ACH-000078	0.9283250796596776	neutral
ACH-001097	1.0530141333028504	amplified
ACH-001060	0.5488713726139368	neutral
ACH-000645	0.9851772375716578	neutral
ACH-002511	0.6418753218759081	neutral
ACH-001526	0.5641274327267535	neutral
ACH-000617	0.6844124932013225	neutral
ACH-000928	1.1225455601199188	amplified
ACH-002681	1.134952563605767	amplified
ACH-002214	1.0324286628568655	amplified
ACH-000580	1.0231005218707707	amplified
ACH-000548	0.8167429490335234	neutral
ACH-002142	0.6362422133559537	neutral
ACH-002530	0.5932368001011135	neutral
ACH-002055	0.5061030241101364	neutral
ACH-002806	1.1605848487714774	amplified
ACH-000573	3.2998032347217143	amplified
ACH-000311	1.1456592409242632	amplified
ACH-000554	0.6964598061407709	neutral
ACH-000461	0.9088480399242164	neutral
ACH-000211	1.0809853716148965	amplified
ACH-000476	0.9088877286145336	neutral
ACH-000409	0.734643892535483	neutral
ACH-000504	0.9920805725383162	neutral
ACH-001239	1.0747581124049874	amplified
ACH-002688	0.7680669623691987	neutral
ACH-003176	1.0410312669168995	amplified
ACH-000417	0.0089353502697019	neutral
ACH-000047	0.6950776204258646	neutral
ACH-001148	0.6017799728910453	neutral
ACH-000937	1.082982552162935	amplified
ACH-003111	0.9937105176344844	neutral
ACH-002921	1.3565027759905968	amplified
ACH-002796	1.0055795947786463	amplified
ACH-001184	1.207461341519288	amplified
ACH-000644	0.9606352143183932	neutral
ACH-001972	0.8141485733819407	neutral
ACH-000610	0.7659069314428509	neutral
ACH-001333	1.006030573748919	amplified
ACH-000062	0.7957151651523959	neutral
ACH-002041	0.8955072392074478	neutral
ACH-000390	0.995629532855541	neutral
ACH-000840	1.3074846416729382	amplified
ACH-000052	1.0015503845539109	amplified
ACH-003295	1.1561847912393777	amplified
ACH-003226	1.0196212174207318	amplified
ACH-000464	0.977413339917807	neutral
ACH-001983	1.1208474987258046	amplified
ACH-001400	0.974194335705674	neutral
ACH-000082	1.134150424246581	amplified
ACH-000750	0.8716518968329826	neutral
ACH-001676	0.4935814224230317	neutral
ACH-000759	0.5339564558355278	neutral
ACH-000247	0.8491268515291969	neutral
ACH-000116	0.5197907984610949	neutral
ACH-001697	1.1790173919558975	amplified
ACH-001530	0.9824337307689732	neutral
ACH-000748	0.931665515659348	neutral
ACH-000630	1.2456312121334263	amplified
ACH-000402	1.2166919977766644	amplified
ACH-002030	1.392456250183608	amplified
ACH-000922	1.0156784241335637	amplified
ACH-001707	0.7474873140541461	neutral
ACH-002034	1.044994609262765	amplified
ACH-000728	1.0165266933907613	amplified
ACH-000966	1.0040203841919877	amplified
ACH-000579	1.054014781888862	amplified
ACH-000502	0.6342207568427125	neutral
ACH-002924	1.0974277789442817	amplified
ACH-000408	0.6261173566708063	neutral
ACH-003297	1.2197445186313127	amplified
ACH-002843	1.0341477356293387	amplified
ACH-001702	1.445717830259105	amplified
ACH-000849	0.7273829428174925	neutral
ACH-002399	1.2251793872827883	amplified
ACH-001277	0.9583887643936486	neutral
ACH-001543	1.0468905357024112	amplified
ACH-003185	0.3327637072100239	neutral
ACH-001068	1.0171891651584135	amplified
ACH-000900	1.2519890982544586	amplified
ACH-000349	0.5956538121951397	neutral
ACH-001445	1.0147852113431897	amplified
ACH-001828	1.01687116149864	amplified
ACH-001624	1.0099053587172253	amplified
ACH-000314	0.6478995226541308	neutral
ACH-000848	1.0355843010734544	amplified
ACH-002667	0.7844013915356955	neutral
ACH-002019	1.0464563972493022	amplified
ACH-001709	0.5620280343548124	neutral
ACH-001119	0.979478818999635	neutral
ACH-000986	0.9950532718904992	neutral
ACH-000427	0.5168046657647872	neutral
ACH-002644	0.5177803067685985	neutral
ACH-000387	0.9069337039551324	neutral
ACH-001350	0.9465887623507868	neutral
ACH-001802	1.0058244440125703	amplified
ACH-002013	0.9153560950444648	neutral
ACH-001988	0.5299242303326067	neutral
ACH-000550	0.7873734657292861	neutral
ACH-000024	0.5815640518547833	neutral
ACH-000942	0.5721129873480383	neutral
ACH-002497	0.8033981252865865	neutral
ACH-000538	0.9807090525728972	neutral
ACH-000370	1.241297564038867	amplified
ACH-000605	1.3066882648058302	amplified
ACH-000945	0.6320370338999846	neutral
ACH-002438	0.9557753730309774	neutral
ACH-000137	0.9681438305946066	neutral
ACH-000764	0.8626618133134882	neutral
ACH-002051	1.098348586589435	amplified
ACH-000118	0.647495019134282	neutral
ACH-000802	0.7882236816275856	neutral
ACH-000341	0.9514819543797276	neutral
ACH-000113	1.0401854767290628	amplified
ACH-000545	0.8083808215592283	neutral
ACH-000593	1.038516688618995	amplified
ACH-001636	0.5627843049274365	neutral
ACH-002470	0.9516190118897692	neutral
ACH-000216	1.0555638876787174	amplified
ACH-000809	0.8227710857922972	neutral
ACH-001804	0.5975038855336495	neutral
ACH-000223	0.968535275497126	neutral
ACH-002784	1.03630523548849	amplified
ACH-000953	1.0933778087973816	amplified
ACH-000394	0.5857589509044078	neutral
ACH-002535	0.5725795302722287	neutral
ACH-000212	0.885346437682855	neutral
ACH-000568	0.7431544588818281	neutral
ACH-000911	0.7743469376428553	neutral
ACH-003107	0.957854878790234	neutral
ACH-001977	1.3868858028210038	amplified
ACH-000310	0.9394832856536371	neutral
ACH-000457	1.170341043537087	amplified
ACH-000126	1.1201267559569936	amplified
ACH-001976	1.3385694561733006	amplified
ACH-002787	0.9008638567395444	neutral
ACH-000248	0.8049957100447798	neutral
ACH-000234	0.7476847433563955	neutral
ACH-003587	0.0043672172014943	neutral
ACH-001192	1.2512577458307954	amplified
ACH-003065	1.0057614484050346	amplified
ACH-002486	1.0634105614607552	amplified
ACH-000536	1.1362025138019505	amplified
ACH-000651	1.4351156476352072	amplified
ACH-000753	0.6823600078778239	neutral
ACH-000960	1.0180228191329297	amplified
ACH-000455	0.9889988167222546	neutral
ACH-000279	0.9260301043552844	neutral
ACH-000445	1.06557681687504	amplified
ACH-000231	0.6689155553341316	neutral
ACH-002533	0.941048314769833	neutral
ACH-000447	0.5188207191488786	neutral
ACH-000842	1.012937949283491	amplified
ACH-001694	0.9969171998843122	neutral
ACH-000292	2.2466571818400816	amplified
ACH-000983	0.5313439665485464	neutral
ACH-002799	3.1279999171577944e-05	neutral
ACH-003061	0.5141402982916509	neutral
ACH-000594	0.4865061676814887	neutral
ACH-000099	0.7132061260060005	neutral
ACH-001799	1.2533262433718977	amplified
ACH-000335	1.074473573234945	amplified
ACH-002782	1.2605671743458209	amplified
ACH-000101	1.1711290019288068	amplified
ACH-000337	0.8268353641711962	neutral
ACH-002016	1.064191141901628	amplified
ACH-002522	0.5325873251866604	neutral
ACH-000174	1.1209283005156536	amplified
ACH-001981	0.9634515344487936	neutral
ACH-002400	1.462363533576838	amplified
ACH-000315	1.0201154950889326	amplified
ACH-000153	0.8863614244585509	neutral
ACH-000664	0.952014795431055	neutral
ACH-000935	1.0517741175572213	amplified
ACH-000924	0.97493213398188	neutral
ACH-000053	0.4906342997868108	neutral
ACH-000771	0.9966357427385456	neutral
ACH-000665	0.7380446480750356	neutral
ACH-001712	1.008642135848978	amplified
ACH-000507	1.052478527531736	amplified
ACH-000633	0.62067459461339	neutral
ACH-002647	0.8896976211016663	neutral
ACH-000905	0.6502281858926388	neutral
ACH-000930	0.9543166839421384	neutral
ACH-000691	0.770929051325963	neutral
ACH-000818	0.5565406609262123	neutral
ACH-001440	0.887532589365048	neutral
ACH-000767	0.670288924117287	neutral
ACH-000139	0.6826731897823095	neutral
ACH-000756	0.9686670008705645	neutral
ACH-000570	1.2979195838522797	amplified
ACH-000215	1.3600889433908905	amplified
ACH-001693	1.13708649484675	amplified
ACH-000936	0.9936716501078996	neutral
ACH-000719	0.4589185409707166	neutral
ACH-002680	1.2974392600251616	amplified
ACH-000452	0.9069921692237326	neutral
ACH-001067	1.025739438760091	amplified
ACH-000946	1.0511802681506022	amplified
ACH-002643	1.0076675898621914	amplified
ACH-000354	0.7205562682552468	neutral
ACH-003108	0.9340562250681352	neutral
ACH-001740	1.0762662348487964	amplified
ACH-000111	0.7654276911738103	neutral
ACH-000503	1.4220291116690602	amplified
ACH-001503	1.133642695901499	amplified
ACH-000964	1.2617691651012863	amplified
ACH-000887	1.1645285422413685	amplified
ACH-000826	1.1469329074759724	amplified
ACH-000400	0.9168082935203796	neutral
ACH-000091	0.9541154162211484	neutral
ACH-001441	0.8492951992018342	neutral
ACH-000293	0.7614245545284603	neutral
ACH-000667	0.9964552490583248	neutral
ACH-000910	0.0108857906010374	neutral
ACH-000866	0.929911289820756	neutral
ACH-000278	0.620784740409946	neutral
ACH-000029	1.5854100204848995	amplified
ACH-000829	1.0354730461375845	amplified
ACH-000957	0.9321234871429046	neutral
ACH-000668	0.6645566075712327	neutral
ACH-000258	0.9391841068129694	neutral
ACH-002501	1.0977625287356505	amplified
ACH-000997	0.959201154299324	neutral
ACH-000470	0.667924528009088	neutral
ACH-001701	1.0915157894844956	amplified
ACH-000934	0.7781757888589492	neutral
ACH-002047	1.0011669628864666	amplified
ACH-001193	0.6096879763439852	neutral
ACH-002676	1.0142142148942117	amplified
ACH-000433	0.7327860782824872	neutral
ACH-001750	0.7761072839750786	neutral
ACH-001619	0.8779611459408829	neutral
ACH-003178	0.704517769464006	neutral
ACH-000014	1.2137640535791214	amplified
ACH-000246	0.9022261458395604	neutral
ACH-000878	0.7938789784414244	neutral
ACH-002802	0.5360122955277896	neutral
ACH-000299	1.0122835788477933	amplified
ACH-000480	1.152015397860955	amplified
ACH-000963	0.8415115626990644	neutral
ACH-002029	1.1110609796443918	amplified
ACH-002722	0.9918232155908376	neutral
ACH-000899	0.9149520227287516	neutral
ACH-001610	1.353869796838217	amplified
ACH-001447	1.0499141750530694	amplified
ACH-000778	1.2579050256825697	amplified
ACH-001349	0.5571501166713437	neutral
ACH-001336	0.9724791337605396	neutral
ACH-000219	1.004777372263359	amplified
ACH-000544	1.0613313947524528	amplified
ACH-002510	1.127912380999638	amplified
ACH-001061	1.0360682196196398	amplified
ACH-000364	0.6830262830401186	neutral
ACH-000670	0.6785702097144573	neutral
ACH-003099	1.0942413655573158	amplified
ACH-000358	0.5917747312676193	neutral
ACH-002015	0.9276458282809272	neutral
ACH-000596	0.7635290746537301	neutral
ACH-002014	0.9880913968200088	neutral
ACH-002018	1.2509802387592757	amplified
ACH-000516	0.9409680219136372	neutral
ACH-000762	1.1946458516749268	amplified
ACH-001129	0.5001154223258266	neutral
ACH-002460	0.806685931026938	neutral
ACH-000050	0.9913672465564548	neutral
ACH-000592	0.7674166652420936	neutral
ACH-000688	0.5402627051874117	neutral
ACH-000381	0.7120922221560338	neutral
ACH-000637	1.11162562747425	amplified
ACH-000509	0.5693706374268169	neutral
ACH-002781	0.9233042291697624	neutral
ACH-003177	1.04061932175977	amplified
ACH-000870	0.9381556459926684	neutral
ACH-000133	1.3015195657981262	amplified
ACH-001401	0.6872190813175557	neutral
ACH-000749	0.700146630526856	neutral
ACH-000044	0.5020663710234825	neutral
ACH-000831	1.429889835281596	amplified
ACH-000323	0.9144936135951884	neutral
ACH-002065	0.9946694073240184	neutral
ACH-000022	0.8201098100641897	neutral
ACH-003171	0.7356742498573698	neutral
ACH-000684	1.1377929129829911	amplified
ACH-002672	0.6951836225483483	neutral
ACH-000522	1.1752331533207416	amplified
ACH-000098	0.7144312044398898	neutral
ACH-000074	0.880732616588503	neutral
ACH-001647	0.547017540538813	neutral
ACH-000890	0.9460581713314936	neutral
ACH-002026	0.9221938821304224	neutral
ACH-003313	0.8782265165817081	neutral
ACH-000005	0.7468435698389335	neutral
ACH-000698	1.3218523153667563	amplified
ACH-002834	0.0026652378455061	neutral
ACH-000988	1.012954238484404	amplified
ACH-001502	0.8751923301061086	neutral
ACH-002039	0.9317158879644188	neutral
ACH-001280	0.9117549296394818	neutral
ACH-002708	0.9326611963502192	neutral
ACH-000867	0.8914680512068057	neutral
ACH-000145	1.226174238882498	amplified
ACH-000618	1.0398814747735758	amplified
ACH-002021	0.9900198796594596	neutral
ACH-000263	0.5207197385195184	neutral
ACH-000721	0.9350421463393714	neutral
ACH-002464	1.0118790816597412	amplified
ACH-000810	0.8480251754265162	neutral
ACH-000758	0.8631056075186868	neutral
ACH-002693	0.6572841040375972	neutral
ACH-002677	0.6023041063583252	neutral
ACH-000129	0.7776640757330247	neutral
ACH-000647	1.131410135317555	amplified
ACH-000880	0.9173619664043196	neutral
ACH-000163	0.792902840971501	neutral
ACH-000463	1.1799968431951475	amplified
ACH-002705	0.8926100776782997	neutral
ACH-000444	0.7666021768787588	neutral
ACH-000359	0.798618279956691	neutral
ACH-001978	0.8740507775912513	neutral
ACH-003071	1.50561509768465	amplified
ACH-000807	1.613020752759001	amplified
ACH-001624	1.026307462414313	amplified
ACH-002498	1.0170781239859406	amplified
ACH-001436	0.7591200700865162	neutral
ACH-002678	1.143949210337342	amplified
ACH-000781	0.860756454980603	neutral
ACH-001232	0.8947409801044595	neutral
ACH-002059	1.076838577341578	amplified
ACH-002052	0.9490041491543284	neutral
ACH-000468	1.003179887976792	amplified
ACH-000608	0.7312785751633659	neutral
ACH-001982	0.8782155593258536	neutral
ACH-001366	1.0200377181343492	amplified
ACH-000019	1.0236187648245905	amplified
ACH-001385	1.010546213910059	amplified
ACH-000844	0.5916840868864826	neutral
ACH-002651	1.0424690124661058	amplified
ACH-000221	0.7816550600874663	neutral
ACH-000837	0.8713166397278964	neutral
ACH-000259	1.007502137811036	amplified
ACH-000788	1.0565293167730143	amplified
ACH-002650	0.8785772209616024	neutral
ACH-001188	1.0477912359336583	amplified
ACH-000792	1.1006242340104793	amplified
ACH-000804	0.9512508876727378	neutral
ACH-001813	1.0005218173824095	amplified
ACH-001577	0.9035717055565898	neutral
ACH-000441	0.8187761590509753	neutral
ACH-000159	0.9840246766635103	neutral
ACH-000506	0.9742657133084424	neutral
ACH-000326	0.5458483136720355	neutral
ACH-000422	0.9412692043864868	neutral
ACH-000348	0.846680166845709	neutral
ACH-000471	0.7452534221004419	neutral
ACH-001994	0.6243608576444458	neutral
ACH-000235	0.7812547709386376	neutral
ACH-000477	1.3123695267986524	amplified
ACH-000383	0.6942224859007894	neutral
ACH-002778	1.1685933624617686	amplified
ACH-001481	0.5723719986643336	neutral
ACH-000060	0.5558078053785881	neutral
ACH-002345	0.7868687942639597	neutral
ACH-003181	1.0065269909662582	amplified
ACH-000974	0.9039513280378516	neutral
ACH-000313	0.8645468193857426	neutral
ACH-000747	1.1156039905090918	amplified
ACH-001793	1.0963671446476253	amplified
ACH-001609	0.943917711852709	neutral
ACH-000683	0.9528053374075164	neutral
ACH-002003	1.0921901114446948	amplified
ACH-000415	1.04142583376958	amplified
ACH-000288	1.3336157058474891	amplified
ACH-000439	0.5460220054287948	neutral
ACH-001667	0.5341456157540854	neutral
ACH-002923	0.3163755466031344	neutral
ACH-003180	0.9828750310747584	neutral
ACH-000301	0.6724500441764896	neutral
ACH-001465	0.5954123288382245	neutral
ACH-000859	0.9061036525192128	neutral
ACH-002060	1.0009987065618011	amplified
ACH-000190	0.819151383910101	neutral
ACH-000954	0.9347068034416304	neutral
ACH-002709	0.5493966429250303	neutral
ACH-000711	0.8268995559462112	neutral
ACH-001442	1.0430909095590006	amplified
ACH-000517	0.8466578659285304	neutral
ACH-001818	0.9587239646038496	neutral
ACH-000210	0.987091822340074	neutral
ACH-000583	1.034312975052531	amplified
ACH-000996	1.0068354089439242	amplified
ACH-000791	0.6795125021171221	neutral
ACH-000919	0.8722949847154772	neutral
ACH-000492	1.0159507735028572	amplified
ACH-002779	0.9998130375619634	neutral
ACH-000533	1.0534737016917015	amplified
ACH-001611	8.085676978494977e-06	neutral
ACH-003221	1.0262838447995486	amplified
ACH-000448	0.6169694673458395	neutral
ACH-002544	0.9833384768287332	neutral
ACH-000679	0.7408282402215597	neutral
ACH-003067	0.9842690941025576	neutral
ACH-000612	1.02001509322468	amplified
ACH-001990	0.8830983354333373	neutral
ACH-000143	0.5326947619898418	neutral
ACH-000816	0.4464838818983753	neutral
ACH-002084	1.141853053172312	amplified
ACH-001863	0.6635968761473764	neutral
ACH-000730	0.999064827482308	neutral
ACH-000295	0.632484486889788	neutral
ACH-000096	0.967282296769598	neutral
ACH-003190	1.7105598340351362e-06	neutral
ACH-000352	0.0794659153398784	neutral
ACH-001100	1.3755942590506565	amplified
ACH-000040	0.982066415506036	neutral
ACH-002459	0.7864080527835805	neutral
ACH-000228	0.976010585502274	neutral
ACH-001680	0.5420158704422018	neutral
ACH-000338	0.6435619786845361	neutral
ACH-000308	0.9873159232469102	neutral
ACH-000373	0.5661063454736671	neutral
ACH-000969	0.9543493617083932	neutral
ACH-000264	1.3945889929050914	amplified
ACH-000375	0.9994392029962867	neutral
ACH-000334	0.7044586834666633	neutral
ACH-000367	1.0478457804962438	amplified
ACH-000167	1.0092206281794318	amplified
ACH-000265	1.2044829736094995	amplified
ACH-000371	0.516725504833065	neutral
ACH-000460	0.7658448202725159	neutral
ACH-001705	0.7901103143549413	neutral
ACH-000095	1.0523244636518634	amplified
ACH-001085	1.3296845259626298	amplified
ACH-002001	1.0717293353775488	amplified
ACH-000013	0.7408246457092381	neutral
ACH-000023	0.690862255950276	neutral
ACH-000754	1.3638906681013514	amplified
ACH-000132	0.6159298701710251	neutral
ACH-000857	1.3639511735695518	amplified
ACH-000059	0.9965474535516656	neutral
ACH-000768	1.059970269479658	amplified
ACH-000830	1.1602470263789924	amplified
ACH-000151	1.0244361014711096	amplified
ACH-001548	1.0472087812489017	amplified
ACH-001984	0.948664259227778	neutral
ACH-001228	0.7681782385701056	neutral
ACH-000585	0.9783104788805204	neutral
ACH-000429	1.006497131075576	amplified
ACH-000793	3.876806071508455e-06	neutral
ACH-000586	0.817552339691444	neutral
ACH-000179	0.8890521794432944	neutral
ACH-001979	0.913065333719554	neutral
ACH-000882	0.6633816449568511	neutral
ACH-000620	0.6978839219175981	neutral
ACH-000872	0.685843825161434	neutral
ACH-000037	0.7274263038853667	neutral
ACH-003573	0.9668882753671696	neutral
ACH-000146	0.490294335841364	neutral
ACH-000192	1.1456512998470576	amplified
ACH-000189	1.0063296111912374	amplified
ACH-001275	1.0224840228131793	amplified
ACH-002485	0.5253690072026179	neutral
ACH-000498	0.5465487161032075	neutral
ACH-001709	0.5528400349138599	neutral
ACH-000520	0.76917618489594	neutral
ACH-002283	0.5357177489050627	neutral
ACH-000456	0.9373364560464597	neutral
ACH-001704	0.602330408512375	neutral
ACH-001036	0.0011109503058382	neutral
ACH-000676	1.1063731116535924	amplified
ACH-002446	1.1808404113217554	amplified
ACH-000276	0.3391393279847895	neutral
ACH-000614	0.9411489024901756	neutral
ACH-001494	0.7962602809373284	neutral
ACH-002668	1.0044676213022663	amplified
ACH-000478	0.698127767589904	neutral
ACH-000944	0.5495253727081992	neutral
ACH-000852	0.5839156971081528	neutral
ACH-000246	0.947461286021714	neutral
ACH-002080	0.8856441202797236	neutral
ACH-000720	0.91417165991717	neutral
ACH-000008	0.9545862097295268	neutral
ACH-000147	0.6899726113648283	neutral
ACH-000070	1.0813098593969517	amplified
ACH-000861	0.872637876626659	neutral
ACH-000845	0.7769959586780149	neutral
ACH-002523	0.6320146914658042	neutral
ACH-000979	1.0698804523826118	amplified
ACH-000202	0.8769035041072161	neutral
ACH-001020	1.0025264219944945	amplified
ACH-000977	0.990263383822997	neutral
ACH-000226	1.0300116106059742	amplified
ACH-000372	1.142710539399285	amplified
ACH-002069	1.4067422350355812	amplified
ACH-003187	1.7105598340351362e-06	neutral
ACH-000182	0.5805060467951076	neutral
ACH-003273	0.9634122010239232	neutral
ACH-001573	0.7214318388996493	neutral
ACH-000718	0.7071205049337317	neutral
ACH-002070	1.0228951699656303	amplified
ACH-000623	1.1838489369171077	amplified
