Unnamed: 0	essentiality
ACH-000029	0.1732459927256536
ACH-000030	-0.2859123893716342
ACH-000074	0.4506496839239481
ACH-000090	0.0521803930540151
ACH-000093	2.3436297747162373
ACH-000103	0.1267518484889612
ACH-000118	0.3240311656990166
ACH-000133	0.1753080622731283
ACH-000155	0.3266622081754909
ACH-000164	0.2526592220174971
ACH-000200	2.682351173233817
ACH-000247	0.8189939015463523
ACH-000261	0.3168936418324652
ACH-000262	1.5593839595059298
ACH-000307	0.1871354563479274
ACH-000332	0.2867792552562756
ACH-000352	0.307879644497648
ACH-000383	0.3290740916002812
ACH-000424	0.2040139508543473
ACH-000476	0.2265086868155822
ACH-000480	0.2771239412299635
ACH-000493	0.2903115748119095
ACH-000507	0.1674930718303009
ACH-000518	0.0781587686118961
ACH-000524	0.0839121449401791
ACH-000525	0.3340443800893439
ACH-000545	0.0957676925990007
ACH-000552	0.2082281284941114
ACH-000563	0.1334394314737071
ACH-000579	1.1624886945897897
ACH-000595	0.9682731988311404
ACH-000618	-0.0147266896745916
ACH-000639	0.2438421156441002
ACH-000648	0.7687116336077209
ACH-000652	0.1452973007372097
ACH-000694	-0.0220918337942347
ACH-000697	0.3350300755851778
ACH-000698	0.3483610923104392
ACH-000702	0.2969873281190638
ACH-000706	0.1526446428631075
ACH-000717	0.1346470247429379
ACH-000739	1.094187170457701
ACH-000791	0.1896796992613072
ACH-000834	0.3555799498408708
ACH-000876	0.142583305673801
ACH-000884	0.260414621811896
ACH-000894	0.1788719413772176
ACH-000928	1.080130246567152
ACH-000936	0.1420877605317959
ACH-000944	0.5503742955968677
ACH-000946	0.5445439426513285
ACH-000953	0.3567438644183127
ACH-000958	0.5316130206101144
ACH-000981	1.22010291966285
ACH-001050	1.878916009243
ACH-001061	0.2147214510761996
ACH-001099	1.1978214447560032
ACH-001119	0.4890112465922128
ACH-001164	1.6883868806963551
ACH-001193	0.1097130094637077
ACH-001211	2.3325701629442412
ACH-001275	1.0514502512357733
ACH-001349	1.1214239049033357
ACH-001353	0.4708629708882904
ACH-001354	0.0142850895451136
ACH-001374	0.7351006704527826
ACH-001386	0.2211086918273363
ACH-001392	0.1456447741927434
ACH-001393	0.1761623202701806
ACH-001396	0.0748651201013211
ACH-001539	0.3664215000818097
ACH-001551	0.198953037848272
ACH-001566	1.4927033755769037
ACH-001607	0.3212463892825109
ACH-001610	-0.0507706838659978
ACH-001642	0.1829791112788923
ACH-001676	0.3805382952320881
ACH-001719	0.1550020527174879
ACH-001862	0.263740462294048
ACH-001992	0.3863928140085007
ACH-002021	0.6271751105647684
ACH-002059	0.8549119175338954
ACH-002105	1.9459612460435585
ACH-002202	0.1663845761729374
ACH-002249	0.1468795136838206
ACH-002282	0.9133633213127424
ACH-002470	0.6449092119569264
ACH-002471	0.2859303039427051
ACH-002528	0.4006807697532082
ACH-002647	1.0909854219095354
ACH-002669	0.4242795511859607
ACH-002778	0.1132048166245499
ACH-003590	0.216407595707395
ACH-000019	0.4122443552597716
ACH-000095	0.5561822562677765
ACH-000100	0.1489280940682945
ACH-000108	-0.0324841733856641
ACH-000143	0.3527058235601792
ACH-000148	0.4399235874638185
ACH-000159	1.1476519718581366
ACH-000176	0.1880455228247123
ACH-000190	0.0958294536367882
ACH-000228	-0.0080587170245519
ACH-000234	0.7344031948687882
ACH-000250	0.3111386972994576
ACH-000279	0.0597490362519497
ACH-000281	-0.2478784662782178
ACH-000295	-0.2439878079711578
ACH-000304	1.250402034468675
ACH-000322	0.4817170939471835
ACH-000354	0.191565351475147
ACH-000366	0.2206206821872351
ACH-000390	0.3088380932933995
ACH-000395	0.0919764960302101
ACH-000401	-0.0567476522942025
ACH-000402	-0.2953154845370933
ACH-000403	0.210701743406973
ACH-000448	1.120250397950216
ACH-000454	-0.0653778791023543
ACH-000460	0.1981240054103921
ACH-000461	-0.0907542154954083
ACH-000485	1.0525227577376084
ACH-000488	0.0520368417123339
ACH-000569	1.315480164620131
ACH-000580	1.6898912671795538
ACH-000583	0.0732573005665798
ACH-000584	0.1993421515744305
ACH-000591	0.1435698049794661
ACH-000596	-0.181249237485701
ACH-000602	0.2402883445163382
ACH-000604	0.0598160130922476
ACH-000608	0.3081083147758003
ACH-000616	0.0691405444235098
ACH-000630	-0.1266991298393917
ACH-000660	0.3956299858598928
ACH-000666	0.1335608043174538
ACH-000693	0.1969001851201069
ACH-000719	0.7209783552455088
ACH-000732	0.0204280760965753
ACH-000749	0.2945422772416914
ACH-000763	0.0369759518790613
ACH-000767	0.0974997531385393
ACH-000841	0.1960945784542233
ACH-000910	-0.0456359040537951
ACH-000959	0.600504869011986
ACH-000965	0.1547893858030533
ACH-000978	0.0983446172325767
ACH-000986	0.1708566525818528
ACH-000993	1.0177058902893714
ACH-001020	1.6115033591431007
ACH-001128	2.5925244973378407
ACH-001310	-0.5146999154606906
ACH-001318	0.0071286345330141
ACH-001376	0.2225698405079507
ACH-001415	-0.066194674370672
ACH-001431	0.5686896706491814
ACH-001511	0.1839466377878743
ACH-001530	1.315400793917513
ACH-001543	0.3335670486811108
ACH-001549	0.249780403220043
ACH-001624	1.5063671155112612
ACH-001630	0.2798218353988799
ACH-001690	0.432522730836916
ACH-001694	0.1448574067379728
ACH-001707	0.7061777874014677
ACH-001750	-0.1071982136819471
ACH-001850	0.1824542418869062
ACH-001853	0.4544135635039984
ACH-001857	0.1327880291623501
ACH-001863	0.1349965200747442
ACH-001960	0.1353948130901748
ACH-002035	0.0361019355995785
ACH-002040	1.3611349992420947
ACH-002052	0.3296441510236359
ACH-002109	0.1736349059696957
ACH-002110	0.2724876399043671
ACH-002160	0.2286111413982369
ACH-002215	0.4604589166175959
ACH-002234	0.3277168254497845
ACH-002280	-0.2756768159353406
ACH-002284	0.1117176864480978
ACH-002295	0.2250135849013818
ACH-002523	0.1778925359786269
ACH-002681	0.3723228698150118
ACH-002706	0.2916612974452372
ACH-002847	2.1021875828728733
ACH-000028	0.7624755001481034
ACH-000106	0.457675392191456
ACH-000123	1.116736828701258
ACH-000124	1.0893109682530384
ACH-000146	0.1243470688964701
ACH-000152	0.060722108852774
ACH-000160	1.751828726657655
ACH-000204	0.2245174977984082
ACH-000208	0.6453605667908102
ACH-000217	-0.0184458182931231
ACH-000232	0.3032010504745161
ACH-000242	0.1169615021395453
ACH-000243	-0.0103406970985073
ACH-000273	0.1067417314412899
ACH-000310	0.6948672544439864
ACH-000337	0.115876113418489
ACH-000359	0.1593080248303223
ACH-000376	0.0938643982814845
ACH-000396	-0.1466305087403883
ACH-000404	1.0063044845320115
ACH-000421	0.1857008263007585
ACH-000430	0.1581592187099215
ACH-000437	0.1505228334397105
ACH-000475	0.2303662254333165
ACH-000484	0.1934347037590635
ACH-000495	2.4456879073101176
ACH-000499	-0.0391453912912311
ACH-000514	0.1155787144893208
ACH-000515	-0.1243061191111912
ACH-000537	0.1325856889531822
ACH-000562	0.2586110504783503
ACH-000567	0.4130897606890956
ACH-000570	-0.0233203666870976
ACH-000573	0.0567345924410677
ACH-000638	0.0960065194080401
ACH-000673	0.1875964841484684
ACH-000738	0.0803692673570743
ACH-000747	0.1489506193456148
ACH-000766	0.2425281662179033
ACH-000802	0.0642296048394303
ACH-000809	0.1611079603966967
ACH-000811	0.0620989958000073
ACH-000849	0.1431452091044511
ACH-000911	0.0639033202948991
ACH-000915	0.5206158465378095
ACH-000932	0.9054612804843212
ACH-000934	0.1487821338223759
ACH-000939	-0.1579435816910668
ACH-000943	0.2561734620383383
ACH-000963	0.4584766684967472
ACH-000973	0.4288581418806829
ACH-000980	0.2054490329075224
ACH-000988	-0.1013677413671469
ACH-001001	0.1596722260024528
ACH-001111	-0.1616303616717649
ACH-001183	0.5221104902235606
ACH-001239	1.113777334959499
ACH-001385	1.2652494134413783
ACH-001398	1.7478306917546191
ACH-001399	0.0394104430798234
ACH-001403	0.0580286370605678
ACH-001413	0.4792987009816861
ACH-001433	0.3683784637499932
ACH-001443	0.161096400024157
ACH-001460	0.0945884634563126
ACH-001496	0.1796212109889672
ACH-001498	0.5587633113768159
ACH-001515	0.3169780266940461
ACH-001522	0.968206947522174
ACH-001547	0.8097483837940606
ACH-001556	0.1790733118758701
ACH-001613	0.0865048416638361
ACH-001616	0.7672788341387962
ACH-001641	0.1237592814589607
ACH-001643	1.4405520046043183
ACH-001711	0.3745010588295849
ACH-001786	0.1677994880805547
ACH-001836	0.2776771802703467
ACH-002001	0.6276835518159524
ACH-002019	0.4129085172663538
ACH-002186	0.1114951106801295
ACH-002269	0.1908145299598991
ACH-002285	0.108177561576352
ACH-002294	-0.2510399941676912
ACH-002458	1.0161793402086812
ACH-002478	0.3240315482668597
ACH-002485	0.0249737793272906
ACH-002510	1.2496428561195678
ACH-002544	0.264967814892432
ACH-002680	0.2237400201447032
ACH-002801	0.2189436630982461
ACH-002834	0.153595379754061
ACH-003185	0.3453345883011671
ACH-000024	-0.000256768515184
ACH-000025	-0.0537950901635632
ACH-000026	0.9477951300445224
ACH-000048	0.0575483724091547
ACH-000053	0.3056854924613562
ACH-000054	1.3855988676798288
ACH-000092	0.0592075743687695
ACH-000141	-0.0223805065157406
ACH-000144	0.0413442998258556
ACH-000163	-0.0153675525405442
ACH-000188	0.0997503124145649
ACH-000203	0.2582256725581708
ACH-000213	0.1875537074665857
ACH-000216	0.2722955775628645
ACH-000231	0.0727789018402632
ACH-000251	-0.1110225193738325
ACH-000252	0.0072094927884112
ACH-000256	0.1420268211627366
ACH-000259	0.3281539276885942
ACH-000320	0.0106579123095416
ACH-000334	0.1720914953169462
ACH-000370	0.2269124269127289
ACH-000391	-0.0029369546321058
ACH-000398	0.0709055531326593
ACH-000416	0.082976698984434
ACH-000426	-0.2671835607542029
ACH-000441	0.6938420712914014
ACH-000455	0.1453272670512044
ACH-000470	-0.1784322527870437
ACH-000472	0.0834629929290995
ACH-000490	0.3497342297592505
ACH-000512	-0.1205485995816359
ACH-000528	0.1031144808283106
ACH-000621	0.0948964844073813
ACH-000637	0.115931258104711
ACH-000653	0.048693150033222
ACH-000683	0.110686790051749
ACH-000696	0.1222401490638245
ACH-000718	0.142673954856153
ACH-000753	-0.1774935030020015
ACH-000760	0.3338837430952485
ACH-000771	0.1185214165587485
ACH-000796	0.0053055005238437
ACH-000827	0.8853575300411172
ACH-000843	-0.0548801924091343
ACH-000848	0.1973507626913632
ACH-000853	0.0642798557965896
ACH-000865	0.1193292366386205
ACH-000900	0.008920249355412
ACH-000907	1.0722570859076557
ACH-000920	-0.0846141773774361
ACH-000926	0.1283847586769912
ACH-000929	0.036015311546649
ACH-000979	-0.0978080982546984
ACH-001028	-0.0786546541593873
ACH-001038	0.1341919239607676
ACH-001075	1.086277756942024
ACH-001172	-0.0582238849864177
ACH-001190	0.006865273394875
ACH-001331	0.1357466389587519
ACH-001332	-0.0408011556861337
ACH-001344	1.1115910976164134
ACH-001370	0.1503986332999254
ACH-001379	0.0091812250510459
ACH-001481	0.1072136784003471
ACH-001484	0.1627559010345967
ACH-001495	0.2104311925153772
ACH-001502	0.3098926227919476
ACH-001513	0.0109865204654201
ACH-001517	0.112348432328496
ACH-001525	-0.231688361862254
ACH-001528	0.805652528048321
ACH-001533	0.502631374949225
ACH-001559	0.0136078749234818
ACH-001577	0.1426562622448589
ACH-001608	-0.2338323433120393
ACH-001650	0.4188892759340484
ACH-001653	0.1411445647111249
ACH-001841	0.526364182447743
ACH-001861	-0.0163439111346563
ACH-002069	0.3340253177468464
ACH-002156	-0.1225699181659135
ACH-002198	-0.0714980690670425
ACH-002212	0.0218088080954366
ACH-002305	-0.0022663449751272
ACH-002499	-0.1627966622617999
ACH-002664	-0.677214506818612
ACH-002677	0.3671070474851002
ACH-002705	0.1183290510451929
ACH-002709	-0.1704938391377989
ACH-002922	0.2595272612774985
ACH-002923	-0.1214155222200641
ACH-003065	0.8188066058272593
ACH-000004	-0.1369630882183209
ACH-000039	-0.0390657372438989
ACH-000086	0.3974250538850047
ACH-000096	2.213083083496163
ACH-000111	0.1003014982938799
ACH-000128	-0.1130143248986484
ACH-000137	0.0689185166175674
ACH-000197	-0.3193164658294095
ACH-000219	0.7364453771864078
ACH-000248	0.1216136789144275
ACH-000249	0.204547231675038
ACH-000266	0.3126934165417334
ACH-000286	-0.0709256715334317
ACH-000299	0.3430444756065168
ACH-000318	0.0749898950795175
ACH-000339	0.1982970328243823
ACH-000355	0.0999298599088541
ACH-000361	1.3675947387439598
ACH-000364	0.6176261953698804
ACH-000368	0.3930428688242712
ACH-000408	0.0987155967297173
ACH-000410	0.387575000061196
ACH-000420	0.4226092320952623
ACH-000444	0.37405107957099
ACH-000446	1.8834312592177176
ACH-000456	0.2078204845366366
ACH-000479	0.8267059760927944
ACH-000501	0.161665656029413
ACH-000502	0.2813360597845079
ACH-000546	0.2335434322293806
ACH-000599	0.2573180225145371
ACH-000622	-0.1546944536006458
ACH-000624	0.2772822655208706
ACH-000633	0.1838352281858384
ACH-000682	0.0025201230786116
ACH-000770	0.0801529036370767
ACH-000774	0.6287713449432253
ACH-000790	0.266477784401277
ACH-000793	0.4391854286604936
ACH-000832	0.1551385962559097
ACH-000837	-0.0726085286158656
ACH-000847	0.0395553983545542
ACH-000859	0.2056528322858321
ACH-000862	-0.0171105712225122
ACH-000922	0.6046650285458438
ACH-000937	0.2088159935379401
ACH-000957	0.7113985570739676
ACH-000960	0.8803007806641284
ACH-001126	0.2974820110887571
ACH-001196	-0.2066995794413664
ACH-001205	1.0170922957563582
ACH-001301	0.6796430872513858
ACH-001322	-0.4021918951130521
ACH-001335	0.242567164165339
ACH-001360	0.3406164539802914
ACH-001367	-0.1109617608382588
ACH-001377	1.5004984649491808
ACH-001382	0.0610587879771508
ACH-001390	0.3026427020387821
ACH-001402	0.0187946428144087
ACH-001408	-0.0028046085629611
ACH-001461	0.318298146938117
ACH-001510	0.2869931760427973
ACH-001542	0.0564185649518901
ACH-001557	0.6661245084072368
ACH-001568	0.0435419663577753
ACH-001574	0.9622432520352064
ACH-001634	0.7555031576520066
ACH-001645	1.2153505935271145
ACH-001651	0.3393816674918594
ACH-001669	0.3896416184670746
ACH-001670	-0.0362906097176168
ACH-001673	0.3394248425940573
ACH-001715	-0.4389545951365854
ACH-001740	0.4309575297747161
ACH-001793	1.179974936434816
ACH-001802	1.12827360920988
ACH-001839	1.149377920774501
ACH-001842	-0.0816394843272239
ACH-001856	1.4564296213242711
ACH-001986	1.2226346004306952
ACH-002005	0.2286913563860113
ACH-002023	0.3194060988551711
ACH-002026	0.8120200828311427
ACH-002029	0.0801552093499309
ACH-002116	0.1886924189161175
ACH-002143	0.1473329712445999
ACH-002283	0.5980101119493468
ACH-002524	0.1837288189899097
ACH-002785	0.6049120924244297
ACH-002792	2.139350861899987
ACH-002799	0.5454921561990926
ACH-002928	1.311435867007459
ACH-000005	-0.1494236879256362
ACH-000041	0.200972085269545
ACH-000075	0.7927711907738707
ACH-000078	0.7884393834632264
ACH-000101	0.1424182436245243
ACH-000113	0.9825609216871072
ACH-000127	0.2743483175999052
ACH-000147	0.1830338256705884
ACH-000182	0.1614039788601287
ACH-000210	0.4756711860466507
ACH-000215	0.613656495173545
ACH-000221	0.0328127262594974
ACH-000223	0.2094728975011992
ACH-000233	0.1493229504885348
ACH-000255	0.1476101910984484
ACH-000258	0.2332446427927364
ACH-000288	0.2599866498584963
ACH-000290	0.2368647235351084
ACH-000311	1.280683376482752
ACH-000356	0.4061225254921518
ACH-000365	0.1665869871111917
ACH-000371	0.4253261615142502
ACH-000377	0.1375686368717937
ACH-000389	1.662284188538519
ACH-000405	0.0566289240994357
ACH-000406	-0.0115940244908495
ACH-000427	-0.018533822093896
ACH-000434	0.0004585727025558
ACH-000436	0.7210939216306331
ACH-000445	-0.0863132222711575
ACH-000463	0.9413545495308204
ACH-000481	0.3494805968002015
ACH-000496	-0.0857709557907454
ACH-000541	-0.110299145514259
ACH-000565	0.1456174732302315
ACH-000587	0.3071275102769474
ACH-000651	0.0105215625888048
ACH-000672	0.0157523614076552
ACH-000676	-0.0026501737479983
ACH-000681	1.441421574989809
ACH-000709	0.2335933223760635
ACH-000724	0.2845020813297442
ACH-000735	0.2666639502643621
ACH-000741	0.24431472361713
ACH-000768	0.1769243362649422
ACH-000794	0.0289006175067042
ACH-000800	0.0125163597264192
ACH-000820	0.2689170563605958
ACH-000824	0.2071699948023384
ACH-000831	0.1228759717382088
ACH-000840	0.2161436664548543
ACH-000874	0.436836310522032
ACH-000887	0.2425677189716779
ACH-000890	-0.4770542664269599
ACH-000947	0.6951961064959323
ACH-000972	0.1379593656341463
ACH-000996	-0.0175074796338626
ACH-001033	1.4857164546422597
ACH-001053	0.1625910811040157
ACH-001098	0.1673482191855488
ACH-001283	0.1020276144186398
ACH-001380	0.0940587463984694
ACH-001391	0.3000221623527886
ACH-001500	-0.1269757881113222
ACH-001508	0.0674854416381726
ACH-001520	0.4475419557905937
ACH-001536	0.6531732559812568
ACH-001605	0.2163893107868461
ACH-001619	0.6357293814604608
ACH-001623	0.1890599248410171
ACH-001625	0.0504755742677022
ACH-001639	0.4901264824166877
ACH-001647	0.2892252648740006
ACH-001668	1.7544525425743662
ACH-001685	0.8764146941861449
ACH-001814	-0.2106058012648073
ACH-001864	0.1392724782515843
ACH-001999	0.2042684493810808
ACH-002048	0.2884392973186449
ACH-002051	0.1690295804410918
ACH-002055	0.2082378558750454
ACH-002070	1.3742689051910624
ACH-002080	0.3808773898084292
ACH-002140	1.0155504426672162
ACH-002142	-0.0228037722282146
ACH-002161	-0.0132052142913204
ACH-002183	1.3329401123312976
ACH-002189	0.2277063176665465
ACH-002247	1.2018667372745018
ACH-002296	0.0760139577639068
ACH-002687	1.862102126146982
ACH-002800	0.3688391768108567
ACH-003410	2.0741894998222272
ACH-000022	0.3815943337919274
ACH-000023	0.2564514171130784
ACH-000037	0.3562030067208943
ACH-000077	0.5834401698402398
ACH-000094	0.1300702466774471
ACH-000098	0.2296604540815139
ACH-000114	0.3851795852673073
ACH-000120	0.930161709031605
ACH-000168	0.1374311249352073
ACH-000174	0.2568266141491055
ACH-000181	0.4171230305068028
ACH-000195	-0.0765677032208607
ACH-000202	-0.1450298218335718
ACH-000235	0.3555690862875424
ACH-000253	0.2193232989603258
ACH-000268	0.3708497725631515
ACH-000294	-0.5871697307151535
ACH-000317	0.8718593010446014
ACH-000363	0.3746546017833181
ACH-000373	0.2186418133742333
ACH-000393	0.2674912793060208
ACH-000415	-0.1848783457591563
ACH-000452	0.1682378419111155
ACH-000458	0.021036360558928
ACH-000468	0.0724412070088538
ACH-000477	1.060157631433969
ACH-000486	1.3125945943926218
ACH-000510	0.5097144391501028
ACH-000527	1.3047874474012453
ACH-000532	0.2100017682684266
ACH-000533	1.3765670017698997
ACH-000549	0.2239767302538406
ACH-000557	0.353306688044493
ACH-000614	2.138262318199002
ACH-000623	0.0325582390947692
ACH-000646	1.4167868267735555
ACH-000647	0.2067553980121597
ACH-000654	0.4365646896145289
ACH-000663	1.8063643600541184
ACH-000668	-0.1988845978480113
ACH-000711	0.3400234682816393
ACH-000773	0.8287945035536743
ACH-000783	0.2970388070524636
ACH-000785	0.0362499422319404
ACH-000801	1.6615081805478855
ACH-000805	1.4568733787629706
ACH-000839	0.1650488446023716
ACH-000846	0.2476961568647875
ACH-000855	0.1320214061403097
ACH-000880	1.3520149124719942
ACH-000969	0.131934844039898
ACH-001054	0.5541207802678852
ACH-001096	0.0916503943512476
ACH-001134	1.435833133225624
ACH-001163	0.0379740613735004
ACH-001192	0.0609205950287954
ACH-001300	0.6560457645792166
ACH-001347	0.0524172643206314
ACH-001411	0.0545294333065722
ACH-001418	0.3458178927019174
ACH-001428	0.3515422772712497
ACH-001453	0.0391910124666759
ACH-001494	0.1877859008205812
ACH-001538	0.0376869130906337
ACH-001567	1.2125997803245707
ACH-001609	0.2619391384554043
ACH-001654	0.1925583428245433
ACH-001664	0.9183338384073032
ACH-001674	0.0409378255223806
ACH-001675	0.0241057806251182
ACH-001683	-0.0007951920764887
ACH-001702	2.0102999287094274
ACH-001795	1.5344494532996231
ACH-001804	0.4753126058970767
ACH-001820	0.1333148916950378
ACH-001843	5.769171830596626
ACH-001961	0.4077741605244904
ACH-001973	0.270887747077991
ACH-001975	0.3322642529891216
ACH-001977	0.9283166286996823
ACH-002002	0.819007926828966
ACH-002018	1.0879910967971906
ACH-002061	0.0246905977491644
ACH-002263	0.3005537742953191
ACH-002298	0.1375720547237762
ACH-002460	0.7312617477913815
ACH-002486	0.3036798108763986
ACH-002662	0.2203635803962202
ACH-002678	0.3706506899699264
ACH-002690	0.1310946825407369
ACH-002711	0.292689264063788
ACH-002806	0.2920890751691182
ACH-003191	0.0625593985488472
ACH-000007	1.4599513228074543
ACH-000017	0.0337674112653803
ACH-000021	0.1784920010090653
ACH-000085	0.2178626078902393
ACH-000239	0.3262611435351408
ACH-000257	-0.1100944842964891
ACH-000271	0.1589666078818203
ACH-000276	0.3916093879422069
ACH-000278	0.0979385103822565
ACH-000291	0.1988357505140448
ACH-000292	-0.1000046693917985
ACH-000313	0.4975569119419996
ACH-000344	0.1767135241553329
ACH-000367	1.6629746811689898
ACH-000375	2.0724877675367814
ACH-000425	2.106880727891262
ACH-000483	-0.026927455232931
ACH-000503	-0.1577416479568823
ACH-000511	0.6536764283141964
ACH-000516	0.2029558103246318
ACH-000519	0.6572719169683252
ACH-000520	0.4148716832566284
ACH-000522	0.2511578642872475
ACH-000535	0.2277237148318033
ACH-000548	0.2465442671599512
ACH-000558	0.8156213211229815
ACH-000607	1.590379997906782
ACH-000609	0.3996111652306048
ACH-000661	0.8557828075152387
ACH-000664	0.382154662781139
ACH-000685	-0.2285792985469565
ACH-000736	0.0256074353025628
ACH-000748	0.6428634968102972
ACH-000754	0.3062086036429129
ACH-000758	0.1057006007919372
ACH-000787	0.0106683369585149
ACH-000821	-0.0942017144193727
ACH-000856	0.5044436522095821
ACH-000860	0.5927501069686919
ACH-000869	0.024158143590803
ACH-000899	1.677353953776001
ACH-000901	0.2701937608633431
ACH-000906	0.2495804209915075
ACH-000912	0.2007088610704573
ACH-000914	0.072888654922647
ACH-000919	0.8452313824057698
ACH-000970	0.3082893875002542
ACH-000971	0.2703733268631625
ACH-000991	0.2611000972696344
ACH-000995	0.0664398715003133
ACH-001016	0.1321471103543202
ACH-001029	0.1964695588311348
ACH-001137	0.0982964458562057
ACH-001188	0.3496162552480197
ACH-001197	0.1488739371956245
ACH-001280	0.949124499672984
ACH-001295	0.4116134434356305
ACH-001302	0.5321713911343258
ACH-001388	0.8028870079995011
ACH-001389	0.2918982589388643
ACH-001416	-0.1056546611469391
ACH-001430	0.6857180014473232
ACH-001465	1.5056416132755135
ACH-001509	0.0132588427445248
ACH-001523	0.207049380361596
ACH-001606	0.2068023401880853
ACH-001626	0.2197770376135622
ACH-001627	0.3364490805748927
ACH-001655	0.2118537461035461
ACH-001677	0.4590101896766264
ACH-001695	0.3320223149481152
ACH-001858	0.2859641407854125
ACH-001991	0.9336769471953033
ACH-002024	0.1568561398691252
ACH-002027	1.119470146138881
ACH-002060	1.146612848225174
ACH-002062	1.0091599488094645
ACH-002067	0.5480069594166919
ACH-002141	0.0107310597883659
ACH-002229	1.6222818496540454
ACH-002251	0.079324629225864
ACH-002265	0.1906992482101149
ACH-002291	0.5279296609175996
ACH-002297	0.3328434367931864
ACH-002401	0.3033168637199203
ACH-002461	0.2884345113153874
ACH-002538	-0.0714764484325805
ACH-002708	0.2002999579468851
ACH-002710	0.3727218129597798
ACH-002784	0.3936065953771939
ACH-003012	1.7423450250187429
ACH-003177	0.4183469070764574
ACH-003189	0.7443293470126454
ACH-000015	0.2949774194988865
ACH-000018	-0.0141790581157919
ACH-000035	-0.059689503370124
ACH-000036	0.8581980854623277
ACH-000055	0.4545234369739942
ACH-000067	0.2364365330312585
ACH-000076	0.0195211995282088
ACH-000082	0.2103278452060704
ACH-000087	0.0958355890821527
ACH-000142	0.2399978210600969
ACH-000178	0.3203501121397385
ACH-000183	0.2248769730340409
ACH-000192	0.2856188420232355
ACH-000207	0.0169870932295854
ACH-000209	1.998349939761169
ACH-000227	0.3936298695324821
ACH-000244	2.6913188098008884
ACH-000265	0.0659594157502591
ACH-000274	1.690822489510146
ACH-000305	0.0590969707812497
ACH-000315	-0.1445089754917496
ACH-000316	0.2559016940467992
ACH-000323	-0.0145125146665622
ACH-000329	0.6334846028078609
ACH-000336	0.2581863634463782
ACH-000341	0.2579007925415389
ACH-000346	0.180035044005343
ACH-000350	0.6760864974247378
ACH-000387	-0.0673819668990667
ACH-000397	0.2687829736794209
ACH-000414	1.2122043744932405
ACH-000433	1.1544816547525
ACH-000467	0.008737270419877
ACH-000478	0.1977989316060158
ACH-000487	0.1965589449630115
ACH-000489	0.3164793005034312
ACH-000571	0.2004832569130278
ACH-000577	0.2798705476452822
ACH-000592	0.1835702795848344
ACH-000631	2.2816593654447272
ACH-000656	0.1001829451243603
ACH-000657	0.7956505676323542
ACH-000688	0.3571639839479288
ACH-000720	0.1980581471586587
ACH-000764	-0.0222103089933646
ACH-000782	0.0325680631138811
ACH-000792	-0.0410995610413875
ACH-000799	-0.0567495733429017
ACH-000817	-0.0218849069767396
ACH-000826	0.0876365326885932
ACH-000829	0.5998805822263489
ACH-000836	0.0616831929511224
ACH-000867	0.2995866938926612
ACH-000872	0.1162756871911668
ACH-000886	0.1761556469065506
ACH-000924	0.129020566497155
ACH-000938	0.5054684291545626
ACH-001041	0.0375593525810358
ACH-001065	0.1069622684860839
ACH-001194	0.2572001666873789
ACH-001229	0.590637483488108
ACH-001277	0.2640743187207094
ACH-001289	1.5502461034067203
ACH-001303	0.138024678505543
ACH-001329	1.0499973921043813
ACH-001334	0.3556165574315256
ACH-001336	0.3588999820192312
ACH-001338	0.2936349365274723
ACH-001366	0.2364130348336801
ACH-001368	0.1566862603994206
ACH-001407	0.0834224419732184
ACH-001409	-0.2720471588686493
ACH-001412	0.2411620146164511
ACH-001419	0.0478446847803845
ACH-001618	0.3429184647026456
ACH-001649	0.1958229536259338
ACH-001698	0.0265292502405355
ACH-001745	0.2612774513099106
ACH-001794	0.6996890283134244
ACH-001799	1.3372745276531357
ACH-001834	0.2955854845268493
ACH-002033	0.276424223656038
ACH-002044	0.1402965429580517
ACH-002119	1.0222231960690469
ACH-002463	1.5955703491803237
ACH-002500	0.2514730705601399
ACH-002512	0.0275355433662491
ACH-002522	0.2671604721004856
ACH-002533	1.4185259378287882
ACH-002926	1.990678633616785
ACH-003171	-0.0515944322811169
ACH-003186	-0.0706886007312496
ACH-003587	0.0414124132046226
ACH-000047	0.0732188364658137
ACH-000115	0.1039974466241168
ACH-000138	0.1308410360112788
ACH-000145	0.1443554204438658
ACH-000149	1.4883840166263704
ACH-000161	1.1058119930347767
ACH-000169	0.4703210238947639
ACH-000187	-0.0335711260435223
ACH-000189	1.6670501231245818
ACH-000212	0.0587917421797349
ACH-000222	-0.0639985105005923
ACH-000238	-0.0362380889661491
ACH-000263	-0.3515371159565127
ACH-000280	1.0400298614382604
ACH-000302	0.2195050645108659
ACH-000308	0.3097263115422611
ACH-000312	0.1584961227731129
ACH-000331	0.2270755914875567
ACH-000335	1.0895412583759314
ACH-000343	0.0382078536654302
ACH-000381	-0.1466157016257653
ACH-000385	0.351668023448217
ACH-000407	0.1868975384144025
ACH-000435	-0.0616423761899273
ACH-000459	0.7952264288756044
ACH-000464	-0.1560006904033991
ACH-000469	0.2645141651792682
ACH-000542	1.1641499852821713
ACH-000547	0.9706096341665964
ACH-000550	0.2314246569905437
ACH-000576	0.0589574981001219
ACH-000585	0.1372570382392803
ACH-000597	0.9882037791559276
ACH-000601	-0.0637278133288129
ACH-000620	1.0256359612802397
ACH-000632	0.6666278469226923
ACH-000667	0.1787624919210322
ACH-000776	1.4091985785314118
ACH-000784	0.4162619135960589
ACH-000804	0.1556498733815901
ACH-000807	0.2194789183714183
ACH-000819	0.0788114533657377
ACH-000823	0.1727912340196574
ACH-000845	0.0813322394695222
ACH-000858	0.2107199680708607
ACH-000863	1.5007125092939573
ACH-000889	0.0771295342657475
ACH-000903	0.130793514437755
ACH-000921	0.0395475201439727
ACH-000962	0.3806584278698412
ACH-000966	1.040562328725917
ACH-000994	-0.1338585360659799
ACH-001039	0.3247123783180457
ACH-001081	0.1118908094424828
ACH-001184	0.2341697523092892
ACH-001270	-0.0339766199533337
ACH-001307	0.1293398865690319
ACH-001345	0.5770384207754226
ACH-001394	0.0553981120764632
ACH-001401	-0.0758005569253773
ACH-001414	1.5639513525240711
ACH-001436	0.2056346440134158
ACH-001458	0.1230590308178671
ACH-001524	0.1095751546789165
ACH-001526	0.2752601615468685
ACH-001532	1.7359827059277928
ACH-001544	0.3853808840407802
ACH-001550	-0.1642904054351948
ACH-001555	1.4522713388414217
ACH-001562	1.5507130511333522
ACH-001611	0.3211125313286561
ACH-001622	0.580613307037931
ACH-001662	0.0042165388332526
ACH-001709	0.2308426495857569
ACH-001791	0.4798552842316191
ACH-001796	1.1688343052935943
ACH-001835	0.2033404882172039
ACH-001849	0.4255574432842011
ACH-001959	0.132812876997611
ACH-001997	0.148882303682681
ACH-002014	0.2219829366029627
ACH-002066	0.0863780623559946
ACH-002083	1.6240167160325956
ACH-002239	0.3231957441656513
ACH-002261	0.1657024212803464
ACH-002400	0.6341577407587209
ACH-002446	0.223766866060251
ACH-002490	0.1981942057674914
ACH-002526	0.3987147570574313
ACH-002654	0.3249459676219196
ACH-002782	0.1531492677017594
ACH-003176	0.7623203350088937
ACH-003190	0.0462657026882186
ACH-000012	0.2011171008680725
ACH-000013	0.091974564043045
ACH-000132	0.404812606332647
ACH-000151	0.4619730515514151
ACH-000206	0.0585364499624658
ACH-000246	2.65218257970215
ACH-000264	0.2632760100411643
ACH-000272	0.7450329772892355
ACH-000293	-0.0044690566215401
ACH-000296	0.0690608615072548
ACH-000303	0.2231503568056458
ACH-000345	0.6799208010908513
ACH-000374	-0.7879641581076915
ACH-000417	0.2885446233864048
ACH-000431	0.3155101427175707
ACH-000442	0.2751702153732235
ACH-000450	1.113133400867096
ACH-000504	0.1855045665366606
ACH-000505	0.2927929953664638
ACH-000517	0.3718630521770396
ACH-000521	0.1437024103121783
ACH-000551	0.2229137200849314
ACH-000554	0.1489332750862548
ACH-000559	0.2566028594492762
ACH-000619	0.0781640714306514
ACH-000634	0.3459409717494454
ACH-000645	1.9814752139336584
ACH-000649	0.8908658150910526
ACH-000699	0.2159454742767665
ACH-000700	0.3228656113730059
ACH-000713	0.1837795742067451
ACH-000722	0.3044244112895287
ACH-000734	0.2723372468539367
ACH-000740	0.0746046772486724
ACH-000746	0.2428346310723887
ACH-000757	0.4497646695380822
ACH-000775	0.1432797033463494
ACH-000777	0.3216081266413405
ACH-000788	0.2230954268678837
ACH-000835	0.0010117408955117
ACH-000851	0.1105293774236992
ACH-000861	0.0606981551080315
ACH-000878	0.1033291760928248
ACH-000881	1.131364747149492
ACH-000882	0.5927058073156009
ACH-000885	1.4199861434514915
ACH-000896	0.1848717378015578
ACH-000917	0.2506623602990566
ACH-000935	2.239804245763067
ACH-000956	1.2165394843942483
ACH-000976	0.2141184022673035
ACH-000997	0.1233336092311375
ACH-001031	1.9176655719677012
ACH-001036	0.3084861852936158
ACH-001067	1.8422152005182888
ACH-001107	0.1177551839946545
ACH-001129	0.0492032506999369
ACH-001151	0.372062745458588
ACH-001233	0.1928641862206113
ACH-001278	2.780154686267849
ACH-001333	0.1237220878330755
ACH-001400	0.1988638104179745
ACH-001421	0.3528436059067101
ACH-001451	0.4533980980181978
ACH-001459	0.1389950339513241
ACH-001497	0.1749931711612604
ACH-001521	0.1832695264872086
ACH-001529	0.6780818248433393
ACH-001554	0.7364513450236784
ACH-001570	0.647727739460775
ACH-001578	0.0865805318756658
ACH-001652	0.419056890992184
ACH-001688	4.0211070431557685
ACH-001765	0.1095641956916695
ACH-001838	0.4102016807990125
ACH-001844	0.3200005660643517
ACH-001972	0.9563766995720268
ACH-002003	0.8920477620928512
ACH-002004	1.6588457867431248
ACH-002042	0.6666334310097064
ACH-002077	0.3858513518918218
ACH-002084	1.1221171170357402
ACH-002210	0.0482456352593398
ACH-002250	0.1814543835817594
ACH-002278	1.5111546584822957
ACH-002399	0.2548164165765633
ACH-002464	3.2678271922984736
ACH-002511	0.7333023375702217
ACH-002650	0.3462009729067793
ACH-002672	0.3461439177436312
ACH-002780	0.3982458296980399
ACH-003273	-0.1165007118579814
ACH-003573	-0.1506214179793149
ACH-000001	0.1508827630856818
ACH-000009	0.0756758862728212
ACH-000014	1.7568006961616875
ACH-000040	0.7891497168121668
ACH-000097	1.3679504282701305
ACH-000099	0.7255030098031017
ACH-000116	0.1740564031328463
ACH-000153	1.471416787720746
ACH-000167	0.4951818144935727
ACH-000172	1.898418141536351
ACH-000191	0.3408378407854272
ACH-000226	0.7531429643364504
ACH-000237	0.2496847991112544
ACH-000260	0.386669812573055
ACH-000319	0.3816587960555295
ACH-000325	0.3336452854135595
ACH-000326	0.141474054393021
ACH-000330	0.2098898539038657
ACH-000338	0.5150324338377312
ACH-000348	0.3260056340603617
ACH-000362	1.4306007312721765
ACH-000411	1.644671262253122
ACH-000471	0.4203957484632631
ACH-000473	0.6088039685874207
ACH-000498	0.432758153998003
ACH-000500	0.1118990839555377
ACH-000627	0.3054940390401147
ACH-000665	0.2353305684139356
ACH-000671	0.1143979902587821
ACH-000695	0.1559454207153925
ACH-000701	0.7370041805315237
ACH-000704	1.417322645762776
ACH-000721	0.336978089711305
ACH-000725	0.1892846175487715
ACH-000762	0.035759044115567
ACH-000769	0.215602566490266
ACH-000778	0.0623411099683001
ACH-000781	0.3195989818017823
ACH-000798	0.1406572979427794
ACH-000810	0.4081484639434274
ACH-000822	0.3021334976319079
ACH-000833	-0.0307072933414229
ACH-000871	0.0151993249090177
ACH-000879	-0.0818406131150309
ACH-000898	1.20836077875411
ACH-000905	0.0499915304443764
ACH-000941	-0.0003929624411412
ACH-000945	0.3166882689742013
ACH-000950	0.6987621812976283
ACH-000968	0.7847356573714126
ACH-000974	1.1570088791660664
ACH-000977	1.441728191604689
ACH-000983	0.2909860216174288
ACH-000985	0.3740692474362167
ACH-001048	0.3842732961998591
ACH-001228	0.2969897513884356
ACH-001232	0.3162940050394391
ACH-001279	1.805308336740968
ACH-001306	-0.0107545383765241
ACH-001328	0.164144636137309
ACH-001375	0.4087999522356713
ACH-001442	0.2537017715903031
ACH-001450	0.6293834426554213
ACH-001560	2.045730391611776
ACH-001603	1.491994277165814
ACH-001648	0.3398577344807448
ACH-001656	0.2997225917876194
ACH-001692	0.6005753927014718
ACH-001696	0.3247426689728966
ACH-001701	-0.1661838513548738
ACH-001735	0.1732221901063067
ACH-001736	0.5108627118321845
ACH-001737	0.220307985903305
ACH-001819	0.3347204751947332
ACH-001993	0.0544382480171333
ACH-002016	2.570319304255992
ACH-002025	0.3377074031319617
ACH-002043	0.1001570626016619
ACH-002045	0.2368661009175437
ACH-002046	0.3538400442047177
ACH-002106	0.3090959975519558
ACH-002114	0.4748657047640592
ACH-002150	0.4817013278168867
ACH-002179	0.4926993474359182
ACH-002230	0.2623364947945634
ACH-002462	2.004044813551406
ACH-002465	1.972839500470912
ACH-002475	0.69583670625442
ACH-002530	0.3039128937507498
ACH-002660	0.2270617498104366
ACH-002925	1.4649041892225592
ACH-003064	3.984456364163472
ACH-003184	0.0368799047274688
ACH-000011	1.4353615009448424
ACH-000042	-0.1311193367862368
ACH-000045	0.4028992252998397
ACH-000052	-0.0658279323080175
ACH-000060	0.2622660714241306
ACH-000070	0.8407901819145931
ACH-000139	-0.105358875408124
ACH-000198	0.7742609549573342
ACH-000211	0.2482345597814579
ACH-000269	1.5188748761737525
ACH-000277	-0.2878333243299579
ACH-000324	0.822115769145735
ACH-000378	0.1253698578685498
ACH-000422	-0.0071965936421045
ACH-000438	0.1878060344407681
ACH-000466	-0.076141206780405
ACH-000491	-0.0490822154420692
ACH-000544	0.0146569274159526
ACH-000556	0.2002226212771969
ACH-000561	0.2254859291250415
ACH-000581	0.1225216142473362
ACH-000588	0.0912311532527184
ACH-000589	0.1694208669762378
ACH-000593	0.6405400166952001
ACH-000605	-0.289001941328774
ACH-000606	0.1801391643593327
ACH-000655	-0.0657028053928834
ACH-000662	0.3150471323858362
ACH-000677	1.0112217848092715
ACH-000684	2.7315753633731497
ACH-000714	0.4884931871590445
ACH-000716	0.1766768694209821
ACH-000756	0.2048203919057352
ACH-000765	-0.051895170242147
ACH-000838	0.7063610856624267
ACH-000864	0.0830175993698726
ACH-000866	0.094840240389953
ACH-000873	-0.1760424881846173
ACH-000888	0.0980198548199179
ACH-000913	0.1465264865662277
ACH-000916	0.0099632819439383
ACH-000948	0.5970646286129666
ACH-000961	-0.1331252705554512
ACH-000975	0.1865670595394433
ACH-000984	0.26056586303678
ACH-001021	0.900349758847224
ACH-001145	-0.1293134913359824
ACH-001227	0.2058938280922486
ACH-001274	1.5279556452075436
ACH-001340	0.3005638050669582
ACH-001341	0.483877504439322
ACH-001346	0.0420137549324239
ACH-001356	0.3629857772434249
ACH-001422	0.3628277454320139
ACH-001454	0.7992735682064434
ACH-001518	0.1557480862526741
ACH-001548	0.6511281186670397
ACH-001552	0.0645679558265328
ACH-001558	1.784779969453114
ACH-001563	1.6416550416280864
ACH-001628	0.0631510407196049
ACH-001632	0.3253973847210683
ACH-001687	1.137439909678947
ACH-001691	0.2792326287958867
ACH-001699	0.2222335085789507
ACH-001848	1.7942374236124043
ACH-001852	0.2545452112683717
ACH-001970	1.0645802738964147
ACH-001982	1.6243361740673838
ACH-001990	0.1983250544234098
ACH-002015	1.6128654838465173
ACH-002020	0.3513102628388694
ACH-002030	-0.9244167640896424
ACH-002039	-0.0712778873246656
ACH-002041	0.3269552567031805
ACH-002181	0.0252271965998694
ACH-002214	0.7864765993400016
ACH-002228	0.2176200805408624
ACH-002233	0.0523193026701498
ACH-002243	-0.0587006395282685
ACH-002257	0.175386957206481
ACH-002304	-0.0151205611609384
ACH-002433	0.2641807968293253
ACH-002467	1.9017472797884092
ACH-002508	0.0875583590976385
ACH-002531	1.954869179141429
ACH-002535	0.2095485039085044
ACH-002659	0.2251209363092895
ACH-002688	0.5221825353375131
ACH-002693	0.0872113130867835
ACH-003178	-0.0256180169881499
ACH-003180	0.4274364249292555
