Gene_set	Term	Overlap	P-value	Adjusted P-value	Old P-value	Old Adjusted P-value	Odds Ratio	Combined Score	Genes	Hit_Count	Bg_Count	Gene_Ratio	minus_log10_fdr	Term_clean	Term_wrapped
GO_Molecular_Function_2023	Ubiquitin Protein Ligase Binding (GO:0031625)	7/271	4.5519831436287864e-10	2.4240732324599277e-08	0	0	65.36316287878788	1405.980453942978	RB1;CDKN1A;CASP8;CHEK2;MDM2;BRCA1;TP53	7	271	0.025830258302583026	7.615454264054916	Ubiquitin Protein Ligase Binding	Ubiquitin Protein Ligase Binding
GO_Molecular_Function_2023	Ubiquitin-Like Protein Ligase Binding (GO:0044389)	7/289	7.129627154293905e-10	2.4240732324599277e-08	0	0	61.135195035460995	1287.604534029697	RB1;CDKN1A;CASP8;CHEK2;MDM2;BRCA1;TP53	7	289	0.02422145328719723	7.615454264054916	Ubiquitin-Like Protein Ligase Binding	Ubiquitin-Like Protein Ligase Binding
GO_Molecular_Function_2023	Disordered Domain Specific Binding (GO:0097718)	3/23	5.989674549773783e-07	1.357659564615391e-05	0	0	249.5625	3575.746117515789	RB1;MDM2;TP53	3	23	0.13043478260869565	4.867209116465052	Disordered Domain Specific Binding	Disordered Domain Specific Binding
GO_Molecular_Function_2023	Protein Serine/Threonine Kinase Activity (GO:0004674)	4/342	9.879090017092686e-05	0.0013435562423246	0	0	21.137170521785908	194.93766211208137	CHEK2;CHEK1;ATM;ATR	4	342	0.011695906432748537	2.871744148940544	Protein Serine/Threonine Kinase Activity	Protein Serine/Threonine Kinase Activity
GO_Molecular_Function_2023	DNA Polymerase Binding (GO:0070182)	2/19	8.911670367707504e-05	0.0013435562423246	0	0	180.7058823529412	1685.1842294846974	RAD51;FANCD2	2	19	0.10526315789473684	2.871744148940544	DNA Polymerase Binding	DNA Polymerase Binding
GO_Molecular_Function_2023	Protein Serine/Threonine Kinase Inhibitor Activity (GO:0030291)	2/32	0.00025704084175112637	0.002913129539846	0	0	102.33333333333331	845.9155331637611	CDKN1A;CDKN2A	2	32	0.0625	2.5356402029145753	Protein Serine/Threonine Kinase Inhibitor Activity	"Protein Serine/Threonine Kinase Inhibitor
Activity"
GO_Molecular_Function_2023	Kinase Binding (GO:0019900)	4/460	0.0003082132428157843	0.002994071501639	0	0	15.573365231259968	125.90627660482023	RB1;CDKN1A;CDKN2A;CHEK2	4	460	0.008695652173913044	2.5237378324510575	Kinase Binding	Kinase Binding
GO_Molecular_Function_2023	Cyclin-Dependent Protein Serine/Threonine Kinase Regulator Activity (GO:0016538)	2/46	0.0005331252155032125	0.0045315643317773	0	0	69.72377622377623	525.490965769041	CDKN1A;CDKN2A	2	46	0.043478260869565216	2.3437518502208396	Cyclin-Dependent Protein Serine/Threonine Kinase Regulator Activity	"Cyclin-Dependent Protein Serine/Threonine
Kinase Regulator Activity"
GO_Molecular_Function_2023	Single-Stranded DNA Binding (GO:0003697)	2/96	0.0022985611577693	0.0173669065253683	0	0	32.55482815057283	197.78594479007495	RAD51;BRCA2	2	96	0.020833333333333332	1.7602775332287062	Single-Stranded DNA Binding	Single-Stranded DNA Binding
GO_Molecular_Function_2023	DNA Binding (GO:0003677)	4/846	0.0029856034210548	0.0203021032631726	0	0	8.267328870654286	48.06586480853073	RAD51;BRCA1;BRCA2;TP53	4	846	0.004728132387706856	1.6924589675905786	DNA Binding	DNA Binding
GO_Molecular_Function_2023	Protease Binding (GO:0002020)	2/125	0.0038578467913376	0.02384850743736	0	0	24.84302689180738	138.06875095168758	BRCA2;TP53	2	125	0.016	1.6225387961627453	Protease Binding	Protease Binding
GO_Molecular_Function_2023	NEDD8 Transferase Activity (GO:0019788)	1/6	0.0044920683932145	0.0254550542282156	0	0	285.42857142857144	1542.8675927558304	MDM2	1	6	0.16666666666666666	1.5942259734257114	NEDD8 Transferase Activity	NEDD8 Transferase Activity
GO_Molecular_Function_2023	Transcription Cis-Regulatory Region Binding (GO:0000976)	3/474	0.0048672317157527	0.0254593658977836	0	0	10.357749469214438	55.1573975813636	RB1;BRCA1;TP53	3	474	0.006329113924050633	1.594152417277924	Transcription Cis-Regulatory Region Binding	Transcription Cis-Regulatory Region Binding
GO_Molecular_Function_2023	Protein Kinase Binding (GO:0019901)	3/511	0.0059999268623047	0.0271996684424481	0	0	9.58513779527559	49.03764163640537	CDKN1A;CDKN2A;CHEK2	3	511	0.005870841487279843	1.5654363898809793	Protein Kinase Binding	Protein Kinase Binding
GO_Molecular_Function_2023	5S rRNA Binding (GO:0008097)	1/8	0.0059852428364459	0.0271996684424481	0	0	203.8571428571429	1043.434298452164	MDM2	1	8	0.125	1.5654363898809793	5S rRNA Binding	5S rRNA Binding
GO_Molecular_Function_2023	Cyclin-Dependent Protein Serine/Threonine Kinase Inhibitor Activity (GO:0004861)	1/9	0.0067310464938694	0.0286069475989451	0	0	178.36607142857142	892.013120036697	CDKN2A	1	9	0.1111111111111111	1.5435284795472732	Cyclin-Dependent Protein Serine/Threonine Kinase Inhibitor Activity	"Cyclin-Dependent Protein Serine/Threonine
Kinase Inhibitor Activity"
GO_Molecular_Function_2023	Protein Heterodimerization Activity (GO:0046982)	2/190	0.0086901490890521	0.0328294521141969	0	0	16.20049099836334	76.88048603677974	BAX;TP53	2	190	0.010526315789473684	1.4837363650856612	Protein Heterodimerization Activity	Protein Heterodimerization Activity
GO_Molecular_Function_2023	Cysteine-Type Endopeptidase Activity Involved In Apoptotic Process (GO:0097153)	1/11	0.0082210881236714	0.0328294521141969	0	0	142.67857142857142	685.0073410932765	CASP8	1	11	0.09090909090909091	1.4837363650856612	Cysteine-Type Endopeptidase Activity Involved In Apoptotic Process	"Cysteine-Type Endopeptidase Activity Involved
In Apoptotic Process"
GO_Molecular_Function_2023	Transcription Regulatory Region Nucleic Acid Binding (GO:0001067)	2/224	0.0119120922389156	0.041054870261288	0	0	13.695772695772696	60.675029183260776	BRCA1;TP53	2	224	0.008928571428571428	1.3866353159588873	Transcription Regulatory Region Nucleic Acid Binding	"Transcription Regulatory Region Nucleic Acid
Binding"
GO_Molecular_Function_2023	RNA Polymerase II-specific DNA-binding Transcription Factor Binding (GO:0061629)	2/228	0.0123209995359693	0.041054870261288	0	0	13.450646698434308	59.13509827332484	CDKN2A;TP53	2	228	0.008771929824561403	1.3866353159588873	RNA Polymerase II-specific DNA-binding Transcription Factor Binding	"RNA Polymerase II-specific DNA-binding
Transcription Factor Binding"
GO_Molecular_Function_2023	RNA Polymerase Binding (GO:0070063)	1/17	0.012678709933633	0.041054870261288	0	0	89.14732142857143	389.38044082427126	BRCA1	1	17	0.058823529411764705	1.3866353159588873	RNA Polymerase Binding	RNA Polymerase Binding
GO_Molecular_Function_2023	Ubiquitin-Like Protein Transferase Activity (GO:0019787)	2/240	0.0135845398773752	0.0419885778027963	0	0	12.764705882352942	54.87321004281362	MDM2;BRCA1	2	240	0.008333333333333333	1.3768688351229057	Ubiquitin-Like Protein Transferase Activity	Ubiquitin-Like Protein Transferase Activity
GO_Molecular_Function_2023	Histone H4 Acetyltransferase Activity (GO:0010485)	1/20	0.0149005037888985	0.044053663375874	0	0	75.06015037593986	315.7300332957057	BRCA2	1	20	0.05	1.356017971070899	Histone H4 Acetyltransferase Activity	Histone H4 Acetyltransferase Activity
GO_Molecular_Function_2023	Single-Stranded DNA Helicase Activity (GO:0017116)	1/22	0.0163791067947741	0.04640746925186	0	0	67.9047619047619	279.20731867751766	RAD51	1	22	0.045454545454545456	1.3334121144062274	Single-Stranded DNA Helicase Activity	Single-Stranded DNA Helicase Activity
GO_Molecular_Function_2023	DNA-binding Transcription Factor Binding (GO:0140297)	2/282	0.0184298690068663	0.0464159663876635	0	0	10.826923076923077	43.24037715779141	RB1;TP53	2	282	0.0070921985815602835	1.3333326030376527	DNA-binding Transcription Factor Binding	DNA-binding Transcription Factor Binding
GO_Molecular_Function_2023	Protein Phosphatase 2A Binding (GO:0051721)	1/23	0.0171176314186799	0.0464159663876635	0	0	64.81493506493507	263.6442288281798	TP53	1	23	0.043478260869565216	1.3333326030376527	Protein Phosphatase 2A Binding	Protein Phosphatase 2A Binding
GO_Molecular_Function_2023	SUMO Transferase Activity (GO:0019789)	1/24	0.0178556385652366	0.0464159663876635	0	0	61.993788819875775	249.55202523941097	MDM2	1	24	0.041666666666666664	1.3333326030376527	SUMO Transferase Activity	SUMO Transferase Activity
GO_Molecular_Function_2023	NF-kappaB Binding (GO:0051059)	1/26	0.0193301017548387	0.0469445328331798	0	0	57.02857142857143	225.0399736139121	CDKN2A	1	26	0.038461538461538464	1.3284149784486787	NF-kappaB Binding	NF-kappaB Binding
GO_Molecular_Function_2023	Histone Acetyltransferase Activity (GO:0004402)	1/27	0.020066558464378	0.0470526198475071	0	0	54.832417582417584	214.3235039145759	BRCA2	1	27	0.037037037037037035	1.3274161904377924	Histone Acetyltransferase Activity	Histone Acetyltransferase Activity
GO_Molecular_Function_2023	Gamma-Tubulin Binding (GO:0043015)	1/29	0.0215379237658092	0.0488192938691675	0	0	50.910714285714285	195.39226686727991	BRCA2	1	29	0.034482758620689655	1.3114085065849896	Gamma-Tubulin Binding	Gamma-Tubulin Binding
GO_Molecular_Function_2023	General Transcription Initiation Factor Binding (GO:0140296)	1/30	0.0222728330244505	0.0488565369568592	0	0	49.152709359605915	186.9959576603662	TP53	1	30	0.03333333333333333	1.311077319880549	General Transcription Initiation Factor Binding	"General Transcription Initiation Factor
Binding"
GO_Molecular_Function_2023	Tubulin Binding (GO:0015631)	2/322	0.0236286839296488	0.0502109533505037	0	0	9.454326923076923	35.409232804497705	BRCA1;BRCA2	2	322	0.006211180124223602	1.2992015326401436	Tubulin Binding	Tubulin Binding
GO_Molecular_Function_2023	Zinc Ion Binding (GO:0008270)	2/341	0.0262879764919512	0.0510737828986481	0	0	8.915815747674154	32.441476015489044	MDM2;TP53	2	341	0.005865102639296188	1.2918019739211457	Zinc Ion Binding	Zinc Ion Binding
GO_Molecular_Function_2023	Kinase Inhibitor Activity (GO:0019210)	1/34	0.0252073218784412	0.0510737828986481	0	0	43.18614718614719	158.95183056590523	CDKN1A	1	34	0.029411764705882353	1.2918019739211457	Kinase Inhibitor Activity	Kinase Inhibitor Activity
GO_Molecular_Function_2023	Core Promoter Sequence-Specific DNA Binding (GO:0001046)	1/35	0.0259396587086567	0.0510737828986481	0	0	41.91386554621849	153.06869330263612	TP53	1	35	0.02857142857142857	1.2918019739211457	Core Promoter Sequence-Specific DNA Binding	Core Promoter Sequence-Specific DNA Binding
GO_Molecular_Function_2023	Promoter-Specific Chromatin Binding (GO:1990841)	1/42	0.03105165746751	0.0586531307719634	0	0	34.745644599303134	120.6404600270104	TP53	1	42	0.023809523809523808	1.2317088012688457	Promoter-Specific Chromatin Binding	Promoter-Specific Chromatin Binding
GO_Molecular_Function_2023	Copper Ion Binding (GO:0005507)	1/45	0.0332348399957845	0.0592150045465004	0	0	32.371753246753244	110.19851603861096	TP53	1	45	0.022222222222222223	1.2275682330392172	Copper Ion Binding	Copper Ion Binding
GO_Molecular_Function_2023	Protein Kinase Inhibitor Activity (GO:0004860)	1/45	0.0332348399957845	0.0592150045465004	0	0	32.371753246753244	110.19851603861096	CDKN1A	1	45	0.022222222222222223	1.2275682330392172	Protein Kinase Inhibitor Activity	Protein Kinase Inhibitor Activity
GO_Molecular_Function_2023	rRNA Binding (GO:0019843)	1/46	0.0339615467251988	0.0592150045465004	0	0	31.650793650793652	107.05964425258333	MDM2	1	46	0.021739130434782608	1.2275682330392172	rRNA Binding	rRNA Binding
GO_Molecular_Function_2023	Ubiquitin-Protein Transferase Activity (GO:0004842)	2/412	0.0372384634845452	0.0633053879237269	0	0	7.345215759849906	24.168794064796792	MDM2;BRCA1	2	412	0.0048543689320388345	1.1985593255914244	Ubiquitin-Protein Transferase Activity	Ubiquitin-Protein Transferase Activity
GO_Molecular_Function_2023	Channel Activity (GO:0015267)	1/52	0.0383110921224364	0.0635403479103823	0	0	27.9187675070028	91.07146109214372	BAX	1	52	0.019230769230769232	1.1969504115556833	Channel Activity	Channel Activity
GO_Molecular_Function_2023	Receptor Tyrosine Kinase Binding (GO:0030971)	1/59	0.0433624594690451	0.0702058867594064	0	0	24.54064039408867	77.0124855419272	TP53	1	59	0.01694915254237288	1.1536264707770516	Receptor Tyrosine Kinase Binding	Receptor Tyrosine Kinase Binding
GO_Molecular_Function_2023	Transition Metal Ion Binding (GO:0046914)	2/456	0.0447728483587707	0.0708035741487537	0	0	6.618434429007117	20.55787251639286	MDM2;TP53	2	456	0.0043859649122807015	1.149944818667542	Transition Metal Ion Binding	Transition Metal Ion Binding
GO_Molecular_Function_2023	Ubiquitin Binding (GO:0043130)	1/80	0.0583683815937166	0.0902056806448348	0	0	17.998191681735985	51.13251964521233	MDM2	1	80	0.0125	1.0447661121806457	Ubiquitin Binding	Ubiquitin Binding
GO_Molecular_Function_2023	Protein Tyrosine Kinase Binding (GO:1990782)	1/85	0.0619086933629976	0.0935509144151965	0	0	16.922619047619047	47.08032820576258	TP53	1	85	0.011764705882352941	1.0289519631235315	Protein Tyrosine Kinase Binding	Protein Tyrosine Kinase Binding
GO_Molecular_Function_2023	Protein Kinase Activator Activity (GO:0030295)	1/88	0.0640269132494826	0.094648480455757	0	0	16.336617405582924	44.90040493421904	CDKN1A	1	88	0.011363636363636364	1.0238863540718397	Protein Kinase Activator Activity	Protein Kinase Activator Activity
GO_Molecular_Function_2023	mRNA 3'-UTR Binding (GO:0003730)	1/93	0.0675473625075365	0.0977280989470742	0	0	15.444875776397517	41.62280131809552	TP53	1	93	0.010752688172043012	1.0099805492479759	mRNA 3'-UTR Binding	mRNA 3'-UTR Binding
GO_Molecular_Function_2023	Histone Deacetylase Binding (GO:0042826)	1/99	0.0717555879791134	0.1016537496370773	0	0	14.494897959183673	38.18665714573386	TP53	1	99	0.010101010101010102	0.9928765971867128	Histone Deacetylase Binding	Histone Deacetylase Binding
GO_Molecular_Function_2023	Protein Kinase Regulator Activity (GO:0019887)	1/103	0.074551216817689	0.103458831502099	0	0	13.923669467787114	36.14959023219432	CDKN1A	1	103	0.009708737864077669	0.9852324309632429	Protein Kinase Regulator Activity	Protein Kinase Regulator Activity
GO_Molecular_Function_2023	Cysteine-Type Endopeptidase Activity (GO:0004197)	1/106	0.0766427792936723	0.1042341798393944	0	0	13.523809523809524	34.73725554308256	CASP8	1	106	0.009433962264150943	0.9819898464723953	Cysteine-Type Endopeptidase Activity	Cysteine-Type Endopeptidase Activity
GO_Molecular_Function_2023	Protein Phosphatase Binding (GO:0019903)	1/115	0.0828910261907882	0.1105213682543843	0	0	12.450501253132831	31.004592702550895	TP53	1	115	0.008695652173913044	0.9565537471571669	Protein Phosphatase Binding	Protein Phosphatase Binding
GO_Molecular_Function_2023	Protein Homodimerization Activity (GO:0042803)	2/662	0.0864470626401638	0.1130461588371373	0	0	4.504662004662005	11.028417329692996	CHEK2;BAX	2	662	0.0030211480362537764	0.9467441898350002	Protein Homodimerization Activity	Protein Homodimerization Activity
GO_Molecular_Function_2023	Sequence-Specific Double-Stranded DNA Binding (GO:1990837)	2/715	0.0985961186951807	0.1265006805900432	0	0	4.158377386988888	9.633810124842174	BRCA1;TP53	2	715	0.002797202797202797	0.8979071379213247	Sequence-Specific Double-Stranded DNA Binding	Sequence-Specific Double-Stranded DNA Binding
GO_Molecular_Function_2023	Cysteine-Type Peptidase Activity (GO:0008234)	1/144	0.1027568717421913	0.1293975421938705	0	0	9.91108891108891	22.55158813317602	CASP8	1	144	0.006944444444444444	0.8880739726764134	Cysteine-Type Peptidase Activity	Cysteine-Type Peptidase Activity
GO_Molecular_Function_2023	DNA-binding Transcription Repressor Activity, RNA Polymerase II-specific (GO:0001227)	1/243	0.1675901486832898	0.2072023656447946	0	0	5.827331759149941	10.408977368084477	TP53	1	243	0.00411522633744856	0.6836052905261504	DNA-binding Transcription Repressor Activity, RNA Polymerase II-specific	"DNA-binding Transcription Repressor Activity,
RNA Polymerase II-specific"
GO_Molecular_Function_2023	ATP Binding (GO:0005524)	1/279	0.1900615601153532	0.2289433410934382	0	0	5.063463514902364	8.407411574262907	RAD51	1	279	0.0035842293906810036	0.6402719835773465	ATP Binding	ATP Binding
GO_Molecular_Function_2023	mRNA Binding (GO:0003729)	1/282	0.191908388857735	0.2289433410934382	0	0	5.008642602948653	8.267952476807794	TP53	1	282	0.0035460992907801418	0.6402719835773465	mRNA Binding	mRNA Binding
GO_Molecular_Function_2023	Adenyl Ribonucleotide Binding (GO:0032559)	1/309	0.2083538817089734	0.2415262664757292	0	0	4.563311688311688	7.157633285398092	RAD51	1	309	0.003236245954692557	0.6170356319304504	Adenyl Ribonucleotide Binding	Adenyl Ribonucleotide Binding
GO_Molecular_Function_2023	Ubiquitin Protein Ligase Activity (GO:0061630)	1/311	0.2095595547362944	0.2415262664757292	0	0	4.533410138248848	7.084574495046588	MDM2	1	311	0.003215434083601286	0.6170356319304504	Ubiquitin Protein Ligase Activity	Ubiquitin Protein Ligase Activity
GO_Molecular_Function_2023	Ubiquitin-Like Protein Ligase Activity (GO:0061659)	1/319	0.2143651295055344	0.242947146772939	0	0	4.417565139263252	6.803379446237624	MDM2	1	319	0.003134796238244514	0.6144881970251139	Ubiquitin-Like Protein Ligase Activity	Ubiquitin-Like Protein Ligase Activity
GO_Molecular_Function_2023	Endopeptidase Activity (GO:0004175)	1/335	0.2238945847864447	0.2495874059914465	0	0	4.202523524379812	6.289412410385051	CASP8	1	335	0.0029850746268656717	0.6027773326370949	Endopeptidase Activity	Endopeptidase Activity
GO_Molecular_Function_2023	RNA Polymerase II Transcription Regulatory Region Sequence-Specific DNA Binding (GO:0000977)	2/1225	0.2332745298131713	0.2517883813856452	0	0	2.360148437008617	3.4352887554089246	RB1;TP53	2	1225	0.0016326530612244899	0.5989643140078218	RNA Polymerase II Transcription Regulatory Region Sequence-Specific DNA Binding	"RNA Polymerase II Transcription Regulatory
Region Sequence-Specific DNA Binding"
GO_Molecular_Function_2023	DNA-binding Transcription Activator Activity, RNA Polymerase II-specific (GO:0001228)	1/348	0.2315577131788443	0.2517883813856452	0	0	4.042404281597365	5.913738873958073	TP53	1	348	0.0028735632183908046	0.5989643140078218	DNA-binding Transcription Activator Activity, RNA Polymerase II-specific	"DNA-binding Transcription Activator Activity,
RNA Polymerase II-specific"
GO_Molecular_Function_2023	RNA Binding (GO:0003723)	2/1411	0.2862982452635451	0.3041918855925166	0	0	2.0282797401321178	2.5368124622179966	CDKN2A;BRCA1	2	1411	0.001417434443656981	0.516852375060785	RNA Binding	RNA Binding
GO_Molecular_Function_2023	Purine Ribonucleoside Triphosphate Binding (GO:0035639)	1/476	0.303330577175586	0.3173304499683054	0	0	2.9338345864661655	3.4998653205467556	RAD51	1	476	0.0021008403361344537	0.49848825245454736	Purine Ribonucleoside Triphosphate Binding	Purine Ribonucleoside Triphosphate Binding
GO_Molecular_Function_2023	Double-Stranded DNA Binding (GO:0003690)	1/650	0.3909003001345478	0.4027457637749886	0	0	2.1281091789566364	1.9989387793647613	RAD51	1	650	0.0015384615384615385	0.3949690189505127	Double-Stranded DNA Binding	Double-Stranded DNA Binding
GO_Molecular_Function_2023	Cis-Regulatory Region Sequence-Specific DNA Binding (GO:0000987)	1/1098	0.5714172637236452	0.5795106787942251	0	0	1.229847636410991	0.6882664911512608	TP53	1	1098	0.0009107468123861566	0.23693855676910883	Cis-Regulatory Region Sequence-Specific DNA Binding	"Cis-Regulatory Region Sequence-Specific DNA
Binding"
GO_Molecular_Function_2023	RNA Polymerase II Cis-Regulatory Region Sequence-Specific DNA Binding (GO:0000978)	1/1122	0.5795106787942251	0.5795106787942251	0	0	1.201988020899707	0.655770033452045	TP53	1	1122	0.00089126559714795	0.23693855676910883	RNA Polymerase II Cis-Regulatory Region Sequence-Specific DNA Binding	"RNA Polymerase II Cis-Regulatory Region
Sequence-Specific DNA Binding"
