pocket_id	n_residues	mean_sasa	centroid_x	centroid_y	centroid_z	chains	residues	pocket_rank
23	12	5.4577978108945935	24.32266664505005	-56.26549975077311	7.665833353996277	B	4;5;6;24;29;32;60;61;64;66;67;68	1
1	12	4.05634484730125	12.550166646639505	-22.363333066304524	23.921666622161865	A	7;8;9;16;17;20;33;34;35;69;70;71	2
0	11	4.386495009666556	22.109000119295988	-19.72663619301536	27.38709102977406	A	4;5;6;24;29;32;61;64;66;67;68	3
67	11	4.5457954627528006	25.836999893188477	-51.73009074818004	-30.616363525390625	D	4;5;6;24;29;32;61;64;66;67;68	4
24	11	1.048327762953671	30.920090935447	-52.80700059370561	0.2753636566075412	B	7;8;9;16;20;33;34;35;69;70;71	5
68	11	2.5649596052086934	21.19218176061457	-57.250272577459164	-23.236999685114082	D	7;8;9;16;20;33;34;35;69;70;71	6
56	11	2.8857253543188404	21.675545605746183	-27.41045448996804	2.1543636836788873	C	73;74;76;78;103;104;105;110;111;113;114	7
74	10	0.6564923336353519	15.099299812316895	-53.05830001831055	-16.668200302124024	D	72;73;74;78;79;103;104;105;111;114	8
12	10	1.7978254048621551	11.847299957275391	-21.86639995574951	9.906700086593627	A;C	80;80;81;82;82;83;83;84;84;85	9
38	9	0.5240525612038174	21.449999703301323	-44.33277808295356	7.028555499182807	B	100;101;102;130;132;133;159;160;163	10
49	9	1.2076282160399163	9.717999935150146	-22.33022223578559	-2.9020000199476876	C	6;7;8;20;32;33;34;69;70	11
33	9	4.7684754849633775	29.02511109246148	-44.11144468519423	-15.284111128913032	B;D	75;76;77;87;90;121;122;124;125	12
32	9	0.11905100267363561	29.265888849894207	-44.09622234768338	-4.909888876809014	B	72;73;74;78;103;104;105;111;114	13
59	9	4.484513208190703	6.663222259945339	-37.42977778116862	-4.502888864941067	C	98;99;100;127;129;130;163;166;167	14
10	9	0.0	11.429110897911919	-31.54711087544759	19.372666782803005	A	72;73;74;78;103;104;105;111;114	15
48	8	5.766013182952981	3.717875048518181	-28.85950016975403	-7.080749988555908	C	3;4;5;29;64;66;67;68	16
16	8	1.3273056173820927	23.455875158309937	-30.75962471961975	26.907875061035156	A	100;101;102;130;133;159;160;163	17
11	8	6.1934488546224475	8.359250009059906	-32.886749505996704	10.072750091552734	A;C	75;76;77;87;121;122;124;125	18
25	8	6.740348299333647	34.633750200271606	-54.359375	-7.674999982118607	B;D	10;11;14;41;42;44;79;81	19
40	7	5.2115341971660465	22.082571029663086	-38.8278568812779	-4.507857169423785	B;C	112;113;115;116;133;134;135	20
2	7	6.671066083345603	6.611428661005838	-21.096142632620676	17.141857283455984	A;C	10;14;41;42;44;79;81	21
3	7	10.80007028393768	9.970000062670026	-26.380142756870814	33.25828552246094	A	18;19;21;22;141;147;148	22
34	7	2.3958036903688047	27.073571341378347	-54.14799989972796	-12.54314272744315	B;D	80;82;82;83;83;84;85	23
79	7	2.4447981741983895	16.929142951965332	-46.0292854309082	-21.761285509381974	D	101;102;115;118;119;133;134	24
78	7	2.317992723524693	22.73000008719308	-41.8609995160784	-27.481285640171595	D	98;99;100;127;129;130;163	25
50	7	3.4110964233727463	16.398285593305314	-20.797714505876815	-1.2054285502859525	C	9;14;16;17;71;72;79	26
41	7	0.49810220802036476	18.297285624912806	-47.243713923863005	-7.505000012261527	B;D	77;117;117;118;119;120;121	27
19	7	0.48181080611674915	20.72742898123605	-29.929428918021067	12.17942864554269	A;C	77;117;117;118;119;120;121	28
29	6	7.755256037637872	24.463833491007488	-60.108333587646484	-13.23550033569336	B;D	10;41;42;80;81;84	29
51	6	8.649409855517291	16.251166661580402	-20.90666675567627	-11.645833492279053	C	18;19;21;22;141;148	30
7	6	7.280090148782416	15.351666768391928	-12.453166405359903	3.2098333723843098	A;C	10;11;35;43;44;48	31
70	6	10.2105028498028	13.854999780654907	-58.19133377075195	-30.739000002543133	D	19;21;22;23;141;148	32
36	6	10.47205719337497	13.538333415985107	-57.306166330973305	-2.260166605313619	B;D	75;90;91;93;94;125	33
14	6	7.1754080927746	27.897833188374836	-20.13699944814046	13.42199993133545	A;C	75;90;91;93;94;125	34
26	5	10.994086429283536	36.94259948730469	-46.6646011352539	6.923400020599365	B	18;19;22;141;148	35
15	5	6.539742842916466	29.0992000579834	-25.8447998046875	21.543999862670898	A	97;98;99;127;129	36
60	5	0.24152564320798325	15.409600257873535	-33.288199996948244	-1.4518001079559326	C	101;102;115;118;132	37
18	5	7.195727495178997	16.641399955749513	-35.43740005493164	18.467199897766115	A	112;113;115;116;135	38
37	5	4.31529166897094	15.124800109863282	-50.754400634765624	5.038000082969665	B	97;98;99;127;129	39
13	5	2.87107388010036	20.22300033569336	-17.09099998474121	12.713799858093262	A	85;86;87;88;89	40
52	4	6.2038789422323655	10.051000118255615	-26.443000316619873	-13.649999618530273	C	23;24;27;156	41
55	4	6.168988414221597	-1.7587499469518661	-24.76224994659424	0.7199999541044235	C	57;58;60;61	42
44	4	6.30153220827655	27.381999969482422	-38.21324920654297	4.757250100374222	B;C	112;134;136;155	43
43	4	0.0	15.166749715805054	-36.91550064086914	5.533999919891357	B;C	116;119;120;131	44
35	4	5.298157780202428	20.651249885559082	-59.33224964141846	-5.741500020027161	B	85;86;87;89	45
65	3	3.753089002845329	15.47433344523112	-34.5869992574056	-13.331666628519693	C	155;158;159	46
80	3	19.264732051476365	5.720333258310954	-56.21600087483724	-20.255000432332356	D	107;137;138	47
6	3	3.2203419094397767	12.677666664123535	-13.0426664352417	9.743333180745443	A	40;41;42	48
75	3	6.639818905215098	12.038333257039389	-49.287333170572914	-12.875333150227865	D	76;110;113	49
76	3	3.174952178780712	33.351000467936196	-50.642333984375	-17.88366635640462	D	86;88;89	50
77	3	11.575013825382584	32.106666564941406	-43.557665506998696	-25.60099983215332	D	93;94;97	51
58	3	10.344125257335488	0.16500002145767212	-33.74833234151205	2.081000049908956	C	93;94;97	52
57	3	4.648953941523405	2.9140000343322754	-25.79799969991048	8.576333363850912	C	86;88;89	53
22	3	11.870612561344153	10.212999979654947	-34.61499913533529	34.72400029500326	A	140;149;152	54
83	3	16.929205052154437	5.802999973297119	-55.60933303833008	-29.69966697692871	D	140;149;152	55
31	3	2.0127136933998604	22.389999389648438	-64.69900004069011	-2.7806667486826577	B	54;57;88	56
39	3	13.954238284120843	33.46066665649414	-37.52333196004232	-3.4066666662693024	B	107;110;137	57
47	3	12.909181204718891	16.367666880289715	-47.668999989827476	14.72166665395101	B	164;165;166	58
84	3	5.0001421122926955	11.771666526794434	-47.414666493733726	-31.987666447957356	D	155;156;159	59
81	2	1.1506083093772617	19.8439998626709	-42.36600112915039	-15.65500020980835	D	116;120	60
4	2	0.0	17.81849956512451	-28.323500633239746	33.64900016784668	A	23;156	61
9	2	5.377307065516969	22.596500396728516	-11.88100004196167	19.006999969482422	A	57;58	62
82	2	6.233447612287952	9.662499904632568	-51.1560001373291	-23.042499542236328	D	135;136	63
5	2	1.2076282160399163	12.074999809265137	-12.227499961853027	18.59999990463257	A	37;39	64
72	2	6.470895468231577	39.52499961853027	-57.73200035095215	-18.496999740600586	D	48;54	65
71	2	10.528230964416258	31.110499382019043	-61.947500228881836	-20.53600025177002	D	37;39	66
8	2	4.022444968173914	20.047499656677246	-7.871500253677368	13.388999938964844	A	49;54	67
69	2	8.921042428322176	15.220999717712402	-62.39050102233887	-24.51400089263916	D	14;18	68
42	2	6.701092528330714	14.122499942779541	-51.01449966430664	-3.972000002861023	B	122;124	69
17	2	11.95329509119643	7.717499732971191	-38.473501205444336	21.267499923706055	A	107;110	70
21	2	1.2076282160399163	14.863500595092773	-34.69499969482422	26.8725004196167	A	134;136	71
46	2	3.214377072188161	21.743999481201172	-42.34149932861328	13.61899995803833	B	158;162	72
30	2	13.525593099279744	20.5339994430542	-68.55749893188477	-11.30049991607666	B	44;48	73
28	2	7.849583404259456	30.785500526428223	-63.346500396728516	-3.72650009393692	B	37;39	74
53	2	4.226698756139707	4.745500087738037	-15.166500091552734	3.663000077009201	C	37;39	75
54	2	4.830512864159665	-2.4045000672340393	-18.210500717163086	9.659000158309937	C	48;54	76
27	2	0.0	30.103500366210938	-46.23550033569336	10.865999698638916	B	23;156	77
20	2	2.347171836091235	26.339500427246094	-26.381500244140625	13.018499851226807	A	122;124	78
66	2	1.8114423240598745	9.958000183105469	-36.069000244140625	-11.919000148773193	C	160;162	79
61	2	12.076282160399163	27.63949966430664	-25.19700050354004	-4.2385000586509705	C	107;137	80
63	2	0.0	21.878000259399414	-28.962499618530273	-6.19350004196167	C	135;136	81
64	2	15.095352700498955	22.1560001373291	-26.090500831604004	-15.699500560760498	C	149;152	82
45	2	5.639001733561	35.34950065612793	-38.71649932861328	7.547999858856201	B	140;152	83
62	1	0.0	13.88700008392334	-41.534000396728516	-4.125	C	131	84
73	1	7.245769296239498	34.48699951171875	-55.1150016784668	-24.900999069213867	D	57	85
85	1	7.245769296239498	17.24799919128418	-46.527000427246094	-34.183998107910156	D	160	86
